ticker,company_name,cik,cik10,form,filing_date,report_date,acceptance_datetime,accession_number,primary_document,document_url,local_path
AAPL,Apple Inc.,320193,0000320193,10-Q,2015-01-28,2014-12-27,2015-01-28T21:39:32.000Z,0001193125-15-023697,d835533d10q.htm,https://www.sec.gov/Archives/edgar/data/320193/000119312515023697/d835533d10q.htm,C:\Users\MSI\Desktop\FinanceProjects\NLP_AlphaGeneration\data\raw\sec\filings\AAPL\2015-01-28_10-Q_000119312515023697.htm
AAPL,Apple Inc.,320193,0000320193,10-Q,2015-04-28,2015-03-28,2015-04-28T21:01:16.000Z,0001193125-15-153166,d892246d10q.htm,https://www.sec.gov/Archives/edgar/data/320193/000119312515153166/d892246d10q.htm,C:\Users\MSI\Desktop\FinanceProjects\NLP_AlphaGeneration\data\raw\sec\filings\AAPL\2015-04-28_10-Q_000119312515153166.htm
AAPL,Apple Inc.,320193,0000320193,10-Q,2015-07-22,2015-06-27,2015-07-22T21:01:17.000Z,0001193125-15-259935,d927922d10q.htm,https://www.sec.gov/Archives/edgar/data/320193/000119312515259935/d927922d10q.htm,C:\Users\MSI\Desktop\FinanceProjects\NLP_AlphaGeneration\data\raw\sec\filings\AAPL\2015-07-22_10-Q_000119312515259935.htm
AAPL,Apple Inc.,320193,0000320193,10-K,2015-10-28,2015-09-26,2015-10-28T20:31:09.000Z,0001193125-15-356351,d17062d10k.htm,https://www.sec.gov/Archives/edgar/data/320193/000119312515356351/d17062d10k.htm,C:\Users\MSI\Desktop\FinanceProjects\NLP_AlphaGeneration\data\raw\sec\filings\AAPL\2015-10-28_10-K_000119312515356351.htm
AAPL,Apple Inc.,320193,0000320193,10-Q,2016-01-27,2015-12-26,2016-01-27T21:32:03.000Z,0001193125-16-439878,d66145d10q.htm,https://www.sec.gov/Archives/edgar/data/320193/000119312516439878/d66145d10q.htm,C:\Users\MSI\Desktop\FinanceProjects\NLP_AlphaGeneration\data\raw\sec\filings\AAPL\2016-01-27_10-Q_000119312516439878.htm
AAPL,Apple Inc.,320193,0000320193,10-Q,2016-04-27,2016-03-26,2016-04-27T20:32:53.000Z,0001193125-16-559625,d165350d10q.htm,https://www.sec.gov/Archives/edgar/data/320193/000119312516559625/d165350d10q.htm,C:\Users\MSI\Desktop\FinanceProjects\NLP_AlphaGeneration\data\raw\sec\filings\AAPL\2016-04-27_10-Q_000119312516559625.htm
AAPL,Apple Inc.,320193,0000320193,10-Q,2016-07-27,2016-06-25,2016-07-27T20:32:36.000Z,0001628280-16-017809,a10-qq320166252016.htm,https://www.sec.gov/Archives/edgar/data/320193/000162828016017809/a10-qq320166252016.htm,C:\Users\MSI\Desktop\FinanceProjects\NLP_AlphaGeneration\data\raw\sec\filings\AAPL\2016-07-27_10-Q_000162828016017809.htm
AAPL,Apple Inc.,320193,0000320193,10-K,2016-10-26,2016-09-24,2016-10-26T20:42:16.000Z,0001628280-16-020309,a201610-k9242016.htm,https://www.sec.gov/Archives/edgar/data/320193/000162828016020309/a201610-k9242016.htm,C:\Users\MSI\Desktop\FinanceProjects\NLP_AlphaGeneration\data\raw\sec\filings\AAPL\2016-10-26_10-K_000162828016020309.htm
AAPL,Apple Inc.,320193,0000320193,10-Q,2017-02-01,2016-12-31,2017-02-01T21:33:29.000Z,0001628280-17-000717,a10-qq1201712312016.htm,https://www.sec.gov/Archives/edgar/data/320193/000162828017000717/a10-qq1201712312016.htm,C:\Users\MSI\Desktop\FinanceProjects\NLP_AlphaGeneration\data\raw\sec\filings\AAPL\2017-02-01_10-Q_000162828017000717.htm
AAPL,Apple Inc.,320193,0000320193,10-Q,2017-05-03,2017-04-01,2017-05-03T20:32:23.000Z,0001628280-17-004790,a10-qq22017412017.htm,https://www.sec.gov/Archives/edgar/data/320193/000162828017004790/a10-qq22017412017.htm,C:\Users\MSI\Desktop\FinanceProjects\NLP_AlphaGeneration\data\raw\sec\filings\AAPL\2017-05-03_10-Q_000162828017004790.htm
AAPL,Apple Inc.,320193,0000320193,10-Q,2017-08-02,2017-07-01,2017-08-02T20:31:28.000Z,0000320193-17-000009,a10-qq32017712017.htm,https://www.sec.gov/Archives/edgar/data/320193/000032019317000009/a10-qq32017712017.htm,C:\Users\MSI\Desktop\FinanceProjects\NLP_AlphaGeneration\data\raw\sec\filings\AAPL\2017-08-02_10-Q_000032019317000009.htm
AAPL,Apple Inc.,320193,0000320193,10-K,2017-11-03,2017-09-30,2017-11-03T12:01:37.000Z,0000320193-17-000070,a10-k20179302017.htm,https://www.sec.gov/Archives/edgar/data/320193/000032019317000070/a10-k20179302017.htm,C:\Users\MSI\Desktop\FinanceProjects\NLP_AlphaGeneration\data\raw\sec\filings\AAPL\2017-11-03_10-K_000032019317000070.htm
AAPL,Apple Inc.,320193,0000320193,10-Q,2018-02-02,2017-12-30,2018-02-02T13:01:26.000Z,0000320193-18-000007,a10-qq1201812302017.htm,https://www.sec.gov/Archives/edgar/data/320193/000032019318000007/a10-qq1201812302017.htm,C:\Users\MSI\Desktop\FinanceProjects\NLP_AlphaGeneration\data\raw\sec\filings\AAPL\2018-02-02_10-Q_000032019318000007.htm
AAPL,Apple Inc.,320193,0000320193,10-Q,2018-05-02,2018-03-31,2018-05-02T20:32:12.000Z,0000320193-18-000070,a10-qq220183312018.htm,https://www.sec.gov/Archives/edgar/data/320193/000032019318000070/a10-qq220183312018.htm,C:\Users\MSI\Desktop\FinanceProjects\NLP_AlphaGeneration\data\raw\sec\filings\AAPL\2018-05-02_10-Q_000032019318000070.htm
AAPL,Apple Inc.,320193,0000320193,10-Q,2018-08-01,2018-06-30,2018-08-01T20:31:48.000Z,0000320193-18-000100,a10-qq320186302018.htm,https://www.sec.gov/Archives/edgar/data/320193/000032019318000100/a10-qq320186302018.htm,C:\Users\MSI\Desktop\FinanceProjects\NLP_AlphaGeneration\data\raw\sec\filings\AAPL\2018-08-01_10-Q_000032019318000100.htm
AAPL,Apple Inc.,320193,0000320193,10-K,2018-11-05,2018-09-29,2018-11-05T13:01:40.000Z,0000320193-18-000145,a10-k20189292018.htm,https://www.sec.gov/Archives/edgar/data/320193/000032019318000145/a10-k20189292018.htm,C:\Users\MSI\Desktop\FinanceProjects\NLP_AlphaGeneration\data\raw\sec\filings\AAPL\2018-11-05_10-K_000032019318000145.htm
AAPL,Apple Inc.,320193,0000320193,10-Q,2019-01-30,2018-12-29,2019-01-30T21:31:37.000Z,0000320193-19-000010,a10-qq1201912292018.htm,https://www.sec.gov/Archives/edgar/data/320193/000032019319000010/a10-qq1201912292018.htm,C:\Users\MSI\Desktop\FinanceProjects\NLP_AlphaGeneration\data\raw\sec\filings\AAPL\2019-01-30_10-Q_000032019319000010.htm
AAPL,Apple Inc.,320193,0000320193,10-Q,2019-05-01,2019-03-30,2019-05-01T20:32:00.000Z,0000320193-19-000066,a10-qq220193302019.htm,https://www.sec.gov/Archives/edgar/data/320193/000032019319000066/a10-qq220193302019.htm,C:\Users\MSI\Desktop\FinanceProjects\NLP_AlphaGeneration\data\raw\sec\filings\AAPL\2019-05-01_10-Q_000032019319000066.htm
AAPL,Apple Inc.,320193,0000320193,10-Q,2019-07-31,2019-06-29,2019-07-31T20:31:53.000Z,0000320193-19-000076,a10-qq320196292019.htm,https://www.sec.gov/Archives/edgar/data/320193/000032019319000076/a10-qq320196292019.htm,C:\Users\MSI\Desktop\FinanceProjects\NLP_AlphaGeneration\data\raw\sec\filings\AAPL\2019-07-31_10-Q_000032019319000076.htm
AAPL,Apple Inc.,320193,0000320193,10-K,2019-10-31,2019-09-28,2019-10-30T22:12:36.000Z,0000320193-19-000119,a10-k20199282019.htm,https://www.sec.gov/Archives/edgar/data/320193/000032019319000119/a10-k20199282019.htm,C:\Users\MSI\Desktop\FinanceProjects\NLP_AlphaGeneration\data\raw\sec\filings\AAPL\2019-10-31_10-K_000032019319000119.htm
AAPL,Apple Inc.,320193,0000320193,10-Q,2020-01-29,2019-12-28,2020-01-28T23:02:44.000Z,0000320193-20-000010,a10-qq1202012282019.htm,https://www.sec.gov/Archives/edgar/data/320193/000032019320000010/a10-qq1202012282019.htm,C:\Users\MSI\Desktop\FinanceProjects\NLP_AlphaGeneration\data\raw\sec\filings\AAPL\2020-01-29_10-Q_000032019320000010.htm
AAPL,Apple Inc.,320193,0000320193,10-Q,2020-05-01,2020-03-28,2020-04-30T22:03:10.000Z,0000320193-20-000052,a10-qq220203282020.htm,https://www.sec.gov/Archives/edgar/data/320193/000032019320000052/a10-qq220203282020.htm,C:\Users\MSI\Desktop\FinanceProjects\NLP_AlphaGeneration\data\raw\sec\filings\AAPL\2020-05-01_10-Q_000032019320000052.htm
AAPL,Apple Inc.,320193,0000320193,10-Q,2020-07-31,2020-06-27,2020-07-30T23:29:09.000Z,0000320193-20-000062,aapl-20200627.htm,https://www.sec.gov/Archives/edgar/data/320193/000032019320000062/aapl-20200627.htm,C:\Users\MSI\Desktop\FinanceProjects\NLP_AlphaGeneration\data\raw\sec\filings\AAPL\2020-07-31_10-Q_000032019320000062.htm
AAPL,Apple Inc.,320193,0000320193,10-K,2020-10-30,2020-09-26,2020-10-29T22:06:25.000Z,0000320193-20-000096,aapl-20200926.htm,https://www.sec.gov/Archives/edgar/data/320193/000032019320000096/aapl-20200926.htm,C:\Users\MSI\Desktop\FinanceProjects\NLP_AlphaGeneration\data\raw\sec\filings\AAPL\2020-10-30_10-K_000032019320000096.htm
AAPL,Apple Inc.,320193,0000320193,10-Q,2021-01-28,2020-12-26,2021-01-27T23:03:06.000Z,0000320193-21-000010,aapl-20201226.htm,https://www.sec.gov/Archives/edgar/data/320193/000032019321000010/aapl-20201226.htm,C:\Users\MSI\Desktop\FinanceProjects\NLP_AlphaGeneration\data\raw\sec\filings\AAPL\2021-01-28_10-Q_000032019321000010.htm
AAPL,Apple Inc.,320193,0000320193,10-Q,2021-04-29,2021-03-27,2021-04-28T22:02:54.000Z,0000320193-21-000056,aapl-20210327.htm,https://www.sec.gov/Archives/edgar/data/320193/000032019321000056/aapl-20210327.htm,C:\Users\MSI\Desktop\FinanceProjects\NLP_AlphaGeneration\data\raw\sec\filings\AAPL\2021-04-29_10-Q_000032019321000056.htm
AAPL,Apple Inc.,320193,0000320193,10-Q,2021-07-28,2021-06-26,2021-07-27T22:03:42.000Z,0000320193-21-000065,aapl-20210626.htm,https://www.sec.gov/Archives/edgar/data/320193/000032019321000065/aapl-20210626.htm,C:\Users\MSI\Desktop\FinanceProjects\NLP_AlphaGeneration\data\raw\sec\filings\AAPL\2021-07-28_10-Q_000032019321000065.htm
AAPL,Apple Inc.,320193,0000320193,10-K,2021-10-29,2021-09-25,2021-10-28T22:04:28.000Z,0000320193-21-000105,aapl-20210925.htm,https://www.sec.gov/Archives/edgar/data/320193/000032019321000105/aapl-20210925.htm,C:\Users\MSI\Desktop\FinanceProjects\NLP_AlphaGeneration\data\raw\sec\filings\AAPL\2021-10-29_10-K_000032019321000105.htm
AAPL,Apple Inc.,320193,0000320193,10-Q,2022-01-28,2021-12-25,2022-01-27T23:00:58.000Z,0000320193-22-000007,aapl-20211225.htm,https://www.sec.gov/Archives/edgar/data/320193/000032019322000007/aapl-20211225.htm,C:\Users\MSI\Desktop\FinanceProjects\NLP_AlphaGeneration\data\raw\sec\filings\AAPL\2022-01-28_10-Q_000032019322000007.htm
AAPL,Apple Inc.,320193,0000320193,10-Q,2022-04-29,2022-03-26,2022-04-28T22:03:58.000Z,0000320193-22-000059,aapl-20220326.htm,https://www.sec.gov/Archives/edgar/data/320193/000032019322000059/aapl-20220326.htm,C:\Users\MSI\Desktop\FinanceProjects\NLP_AlphaGeneration\data\raw\sec\filings\AAPL\2022-04-29_10-Q_000032019322000059.htm
AAPL,Apple Inc.,320193,0000320193,10-Q,2022-07-29,2022-06-25,2022-07-28T22:06:56.000Z,0000320193-22-000070,aapl-20220625.htm,https://www.sec.gov/Archives/edgar/data/320193/000032019322000070/aapl-20220625.htm,C:\Users\MSI\Desktop\FinanceProjects\NLP_AlphaGeneration\data\raw\sec\filings\AAPL\2022-07-29_10-Q_000032019322000070.htm
AAPL,Apple Inc.,320193,0000320193,10-K,2022-10-28,2022-09-24,2022-10-27T22:01:14.000Z,0000320193-22-000108,aapl-20220924.htm,https://www.sec.gov/Archives/edgar/data/320193/000032019322000108/aapl-20220924.htm,C:\Users\MSI\Desktop\FinanceProjects\NLP_AlphaGeneration\data\raw\sec\filings\AAPL\2022-10-28_10-K_000032019322000108.htm
AAPL,Apple Inc.,320193,0000320193,10-Q,2023-02-03,2022-12-31,2023-02-02T23:01:30.000Z,0000320193-23-000006,aapl-20221231.htm,https://www.sec.gov/Archives/edgar/data/320193/000032019323000006/aapl-20221231.htm,C:\Users\MSI\Desktop\FinanceProjects\NLP_AlphaGeneration\data\raw\sec\filings\AAPL\2023-02-03_10-Q_000032019323000006.htm
AAPL,Apple Inc.,320193,0000320193,10-Q,2023-05-05,2023-04-01,2023-05-04T22:03:52.000Z,0000320193-23-000064,aapl-20230401.htm,https://www.sec.gov/Archives/edgar/data/320193/000032019323000064/aapl-20230401.htm,C:\Users\MSI\Desktop\FinanceProjects\NLP_AlphaGeneration\data\raw\sec\filings\AAPL\2023-05-05_10-Q_000032019323000064.htm
AAPL,Apple Inc.,320193,0000320193,10-Q,2023-08-04,2023-07-01,2023-08-03T22:04:43.000Z,0000320193-23-000077,aapl-20230701.htm,https://www.sec.gov/Archives/edgar/data/320193/000032019323000077/aapl-20230701.htm,C:\Users\MSI\Desktop\FinanceProjects\NLP_AlphaGeneration\data\raw\sec\filings\AAPL\2023-08-04_10-Q_000032019323000077.htm
AAPL,Apple Inc.,320193,0000320193,10-K,2023-11-03,2023-09-30,2023-11-02T22:08:27.000Z,0000320193-23-000106,aapl-20230930.htm,https://www.sec.gov/Archives/edgar/data/320193/000032019323000106/aapl-20230930.htm,C:\Users\MSI\Desktop\FinanceProjects\NLP_AlphaGeneration\data\raw\sec\filings\AAPL\2023-11-03_10-K_000032019323000106.htm
AAPL,Apple Inc.,320193,0000320193,10-Q,2024-02-02,2023-12-30,2024-02-01T23:03:38.000Z,0000320193-24-000006,aapl-20231230.htm,https://www.sec.gov/Archives/edgar/data/320193/000032019324000006/aapl-20231230.htm,C:\Users\MSI\Desktop\FinanceProjects\NLP_AlphaGeneration\data\raw\sec\filings\AAPL\2024-02-02_10-Q_000032019324000006.htm
AAPL,Apple Inc.,320193,0000320193,10-Q,2024-05-03,2024-03-30,2024-05-02T22:04:25.000Z,0000320193-24-000069,aapl-20240330.htm,https://www.sec.gov/Archives/edgar/data/320193/000032019324000069/aapl-20240330.htm,C:\Users\MSI\Desktop\FinanceProjects\NLP_AlphaGeneration\data\raw\sec\filings\AAPL\2024-05-03_10-Q_000032019324000069.htm
AAPL,Apple Inc.,320193,0000320193,10-Q,2024-08-02,2024-06-29,2024-08-01T22:03:34.000Z,0000320193-24-000081,aapl-20240629.htm,https://www.sec.gov/Archives/edgar/data/320193/000032019324000081/aapl-20240629.htm,C:\Users\MSI\Desktop\FinanceProjects\NLP_AlphaGeneration\data\raw\sec\filings\AAPL\2024-08-02_10-Q_000032019324000081.htm
AAPL,Apple Inc.,320193,0000320193,10-K,2024-11-01,2024-09-28,2024-11-01T10:01:36.000Z,0000320193-24-000123,aapl-20240928.htm,https://www.sec.gov/Archives/edgar/data/320193/000032019324000123/aapl-20240928.htm,C:\Users\MSI\Desktop\FinanceProjects\NLP_AlphaGeneration\data\raw\sec\filings\AAPL\2024-11-01_10-K_000032019324000123.htm
AAPL,Apple Inc.,320193,0000320193,10-Q,2025-01-31,2024-12-28,2025-01-31T11:01:27.000Z,0000320193-25-000008,aapl-20241228.htm,https://www.sec.gov/Archives/edgar/data/320193/000032019325000008/aapl-20241228.htm,C:\Users\MSI\Desktop\FinanceProjects\NLP_AlphaGeneration\data\raw\sec\filings\AAPL\2025-01-31_10-Q_000032019325000008.htm
AAPL,Apple Inc.,320193,0000320193,10-Q,2025-05-02,2025-03-29,2025-05-02T10:00:46.000Z,0000320193-25-000057,aapl-20250329.htm,https://www.sec.gov/Archives/edgar/data/320193/000032019325000057/aapl-20250329.htm,C:\Users\MSI\Desktop\FinanceProjects\NLP_AlphaGeneration\data\raw\sec\filings\AAPL\2025-05-02_10-Q_000032019325000057.htm
AAPL,Apple Inc.,320193,0000320193,10-Q,2025-08-01,2025-06-28,2025-08-01T10:00:42.000Z,0000320193-25-000073,aapl-20250628.htm,https://www.sec.gov/Archives/edgar/data/320193/000032019325000073/aapl-20250628.htm,C:\Users\MSI\Desktop\FinanceProjects\NLP_AlphaGeneration\data\raw\sec\filings\AAPL\2025-08-01_10-Q_000032019325000073.htm
AAPL,Apple Inc.,320193,0000320193,10-K,2025-10-31,2025-09-27,2025-10-31T10:01:26.000Z,0000320193-25-000079,aapl-20250927.htm,https://www.sec.gov/Archives/edgar/data/320193/000032019325000079/aapl-20250927.htm,C:\Users\MSI\Desktop\FinanceProjects\NLP_AlphaGeneration\data\raw\sec\filings\AAPL\2025-10-31_10-K_000032019325000079.htm
AAPL,Apple Inc.,320193,0000320193,10-Q,2026-01-30,2025-12-27,2026-01-30T11:01:32.000Z,0000320193-26-000006,aapl-20251227.htm,https://www.sec.gov/Archives/edgar/data/320193/000032019326000006/aapl-20251227.htm,C:\Users\MSI\Desktop\FinanceProjects\NLP_AlphaGeneration\data\raw\sec\filings\AAPL\2026-01-30_10-Q_000032019326000006.htm
AAPL,Apple Inc.,320193,0000320193,10-Q,2026-05-01,2026-03-28,2026-05-01T10:01:00.000Z,0000320193-26-000013,aapl-20260328.htm,https://www.sec.gov/Archives/edgar/data/320193/000032019326000013/aapl-20260328.htm,C:\Users\MSI\Desktop\FinanceProjects\NLP_AlphaGeneration\data\raw\sec\filings\AAPL\2026-05-01_10-Q_000032019326000013.htm
AAPL,Apple Inc.,320193,0000320193,10-Q,2026-07-31,2026-06-27,2026-07-31T10:01:02.000Z,0000320193-26-000020,aapl-20260627.htm,https://www.sec.gov/Archives/edgar/data/320193/000032019326000020/aapl-20260627.htm,C:\Users\MSI\Desktop\FinanceProjects\NLP_AlphaGeneration\data\raw\sec\filings\AAPL\2026-07-31_10-Q_000032019326000020.htm
MSFT,MICROSOFT CORP,789019,0000789019,10-Q,2015-01-26,2014-12-31,2015-01-26T21:13:49.000Z,0001193125-15-020351,d827041d10q.htm,https://www.sec.gov/Archives/edgar/data/789019/000119312515020351/d827041d10q.htm,C:\Users\MSI\Desktop\FinanceProjects\NLP_AlphaGeneration\data\raw\sec\filings\MSFT\2015-01-26_10-Q_000119312515020351.htm
MSFT,MICROSOFT CORP,789019,0000789019,10-Q,2015-04-23,2015-03-31,2015-04-23T20:09:01.000Z,0001193125-15-144151,d860721d10q.htm,https://www.sec.gov/Archives/edgar/data/789019/000119312515144151/d860721d10q.htm,C:\Users\MSI\Desktop\FinanceProjects\NLP_AlphaGeneration\data\raw\sec\filings\MSFT\2015-04-23_10-Q_000119312515144151.htm
MSFT,MICROSOFT CORP,789019,0000789019,10-K,2015-07-31,2015-06-30,2015-07-31T19:07:52.000Z,0001193125-15-272806,d918813d10k.htm,https://www.sec.gov/Archives/edgar/data/789019/000119312515272806/d918813d10k.htm,C:\Users\MSI\Desktop\FinanceProjects\NLP_AlphaGeneration\data\raw\sec\filings\MSFT\2015-07-31_10-K_000119312515272806.htm
MSFT,MICROSOFT CORP,789019,0000789019,10-Q,2015-10-22,2015-09-30,2015-10-22T20:10:04.000Z,0001193125-15-350718,d83804d10q.htm,https://www.sec.gov/Archives/edgar/data/789019/000119312515350718/d83804d10q.htm,C:\Users\MSI\Desktop\FinanceProjects\NLP_AlphaGeneration\data\raw\sec\filings\MSFT\2015-10-22_10-Q_000119312515350718.htm
MSFT,MICROSOFT CORP,789019,0000789019,10-Q,2016-01-28,2015-12-31,2016-01-28T21:11:24.000Z,0001193125-16-441821,d15167d10q.htm,https://www.sec.gov/Archives/edgar/data/789019/000119312516441821/d15167d10q.htm,C:\Users\MSI\Desktop\FinanceProjects\NLP_AlphaGeneration\data\raw\sec\filings\MSFT\2016-01-28_10-Q_000119312516441821.htm
MSFT,MICROSOFT CORP,789019,0000789019,10-Q,2016-04-21,2016-03-31,2016-04-21T20:10:33.000Z,0001193125-16-550254,d256147d10q.htm,https://www.sec.gov/Archives/edgar/data/789019/000119312516550254/d256147d10q.htm,C:\Users\MSI\Desktop\FinanceProjects\NLP_AlphaGeneration\data\raw\sec\filings\MSFT\2016-04-21_10-Q_000119312516550254.htm
MSFT,MICROSOFT CORP,789019,0000789019,10-K,2016-07-28,2016-06-30,2016-07-28T20:12:18.000Z,0001193125-16-662209,d187868d10k.htm,https://www.sec.gov/Archives/edgar/data/789019/000119312516662209/d187868d10k.htm,C:\Users\MSI\Desktop\FinanceProjects\NLP_AlphaGeneration\data\raw\sec\filings\MSFT\2016-07-28_10-K_000119312516662209.htm
MSFT,MICROSOFT CORP,789019,0000789019,10-Q,2016-10-20,2016-09-30,2016-10-20T20:10:25.000Z,0001193125-16-742796,d245252d10q.htm,https://www.sec.gov/Archives/edgar/data/789019/000119312516742796/d245252d10q.htm,C:\Users\MSI\Desktop\FinanceProjects\NLP_AlphaGeneration\data\raw\sec\filings\MSFT\2016-10-20_10-Q_000119312516742796.htm
MSFT,MICROSOFT CORP,789019,0000789019,10-Q,2017-01-26,2016-12-31,2017-01-26T21:13:28.000Z,0001564590-17-000654,msft-10q_20161231.htm,https://www.sec.gov/Archives/edgar/data/789019/000156459017000654/msft-10q_20161231.htm,C:\Users\MSI\Desktop\FinanceProjects\NLP_AlphaGeneration\data\raw\sec\filings\MSFT\2017-01-26_10-Q_000156459017000654.htm
MSFT,MICROSOFT CORP,789019,0000789019,10-Q,2017-04-27,2017-03-31,2017-04-27T20:16:04.000Z,0001564590-17-007547,msft-10q_20170331.htm,https://www.sec.gov/Archives/edgar/data/789019/000156459017007547/msft-10q_20170331.htm,C:\Users\MSI\Desktop\FinanceProjects\NLP_AlphaGeneration\data\raw\sec\filings\MSFT\2017-04-27_10-Q_000156459017007547.htm
MSFT,MICROSOFT CORP,789019,0000789019,10-K,2017-08-02,2017-06-30,2017-08-02T20:15:01.000Z,0001564590-17-014900,msft-10k_20170630.htm,https://www.sec.gov/Archives/edgar/data/789019/000156459017014900/msft-10k_20170630.htm,C:\Users\MSI\Desktop\FinanceProjects\NLP_AlphaGeneration\data\raw\sec\filings\MSFT\2017-08-02_10-K_000156459017014900.htm
MSFT,MICROSOFT CORP,789019,0000789019,10-Q,2017-10-26,2017-09-30,2017-10-26T20:08:58.000Z,0001564590-17-020171,msft-10q_20170930.htm,https://www.sec.gov/Archives/edgar/data/789019/000156459017020171/msft-10q_20170930.htm,C:\Users\MSI\Desktop\FinanceProjects\NLP_AlphaGeneration\data\raw\sec\filings\MSFT\2017-10-26_10-Q_000156459017020171.htm
MSFT,MICROSOFT CORP,789019,0000789019,10-Q,2018-01-31,2017-12-31,2018-01-31T21:10:10.000Z,0001564590-18-001129,msft-10q_20171231.htm,https://www.sec.gov/Archives/edgar/data/789019/000156459018001129/msft-10q_20171231.htm,C:\Users\MSI\Desktop\FinanceProjects\NLP_AlphaGeneration\data\raw\sec\filings\MSFT\2018-01-31_10-Q_000156459018001129.htm
MSFT,MICROSOFT CORP,789019,0000789019,10-Q,2018-04-26,2018-03-31,2018-04-26T20:10:21.000Z,0001564590-18-009307,msft-10q_20180331.htm,https://www.sec.gov/Archives/edgar/data/789019/000156459018009307/msft-10q_20180331.htm,C:\Users\MSI\Desktop\FinanceProjects\NLP_AlphaGeneration\data\raw\sec\filings\MSFT\2018-04-26_10-Q_000156459018009307.htm
MSFT,MICROSOFT CORP,789019,0000789019,10-K,2018-08-03,2018-06-30,2018-08-03T15:03:33.000Z,0001564590-18-019062,msft-10k_20180630.htm,https://www.sec.gov/Archives/edgar/data/789019/000156459018019062/msft-10k_20180630.htm,C:\Users\MSI\Desktop\FinanceProjects\NLP_AlphaGeneration\data\raw\sec\filings\MSFT\2018-08-03_10-K_000156459018019062.htm
MSFT,MICROSOFT CORP,789019,0000789019,10-Q,2018-10-24,2018-09-30,2018-10-24T20:13:07.000Z,0001564590-18-024893,msft-10q_20180930.htm,https://www.sec.gov/Archives/edgar/data/789019/000156459018024893/msft-10q_20180930.htm,C:\Users\MSI\Desktop\FinanceProjects\NLP_AlphaGeneration\data\raw\sec\filings\MSFT\2018-10-24_10-Q_000156459018024893.htm
MSFT,MICROSOFT CORP,789019,0000789019,10-Q,2019-01-30,2018-12-31,2019-01-30T21:09:56.000Z,0001564590-19-001392,msft-10q_20181231.htm,https://www.sec.gov/Archives/edgar/data/789019/000156459019001392/msft-10q_20181231.htm,C:\Users\MSI\Desktop\FinanceProjects\NLP_AlphaGeneration\data\raw\sec\filings\MSFT\2019-01-30_10-Q_000156459019001392.htm
MSFT,MICROSOFT CORP,789019,0000789019,10-Q,2019-04-24,2019-03-31,2019-04-24T20:10:10.000Z,0001564590-19-012709,msft-10q_20190331.htm,https://www.sec.gov/Archives/edgar/data/789019/000156459019012709/msft-10q_20190331.htm,C:\Users\MSI\Desktop\FinanceProjects\NLP_AlphaGeneration\data\raw\sec\filings\MSFT\2019-04-24_10-Q_000156459019012709.htm
MSFT,MICROSOFT CORP,789019,0000789019,10-K,2019-08-01,2019-06-30,2019-08-01T20:09:55.000Z,0001564590-19-027952,msft-10k_20190630.htm,https://www.sec.gov/Archives/edgar/data/789019/000156459019027952/msft-10k_20190630.htm,C:\Users\MSI\Desktop\FinanceProjects\NLP_AlphaGeneration\data\raw\sec\filings\MSFT\2019-08-01_10-K_000156459019027952.htm
MSFT,MICROSOFT CORP,789019,0000789019,10-Q,2019-10-23,2019-09-30,2019-10-23T20:09:48.000Z,0001564590-19-037549,msft-10q_20190930.htm,https://www.sec.gov/Archives/edgar/data/789019/000156459019037549/msft-10q_20190930.htm,C:\Users\MSI\Desktop\FinanceProjects\NLP_AlphaGeneration\data\raw\sec\filings\MSFT\2019-10-23_10-Q_000156459019037549.htm
MSFT,MICROSOFT CORP,789019,0000789019,10-Q,2020-01-29,2019-12-31,2020-01-29T21:08:43.000Z,0001564590-20-002450,msft-10q_20191231.htm,https://www.sec.gov/Archives/edgar/data/789019/000156459020002450/msft-10q_20191231.htm,C:\Users\MSI\Desktop\FinanceProjects\NLP_AlphaGeneration\data\raw\sec\filings\MSFT\2020-01-29_10-Q_000156459020002450.htm
MSFT,MICROSOFT CORP,789019,0000789019,10-Q,2020-04-29,2020-03-31,2020-04-29T20:11:11.000Z,0001564590-20-019706,msft-10q_20200331.htm,https://www.sec.gov/Archives/edgar/data/789019/000156459020019706/msft-10q_20200331.htm,C:\Users\MSI\Desktop\FinanceProjects\NLP_AlphaGeneration\data\raw\sec\filings\MSFT\2020-04-29_10-Q_000156459020019706.htm
MSFT,MICROSOFT CORP,789019,0000789019,10-K,2020-07-30,2020-06-30,2020-07-31T00:44:46.000Z,0001564590-20-034944,msft-10k_20200630.htm,https://www.sec.gov/Archives/edgar/data/789019/000156459020034944/msft-10k_20200630.htm,C:\Users\MSI\Desktop\FinanceProjects\NLP_AlphaGeneration\data\raw\sec\filings\MSFT\2020-07-30_10-K_000156459020034944.htm
MSFT,MICROSOFT CORP,789019,0000789019,10-Q,2020-10-27,2020-09-30,2020-10-27T20:21:58.000Z,0001564590-20-047996,msft-10q_20200930.htm,https://www.sec.gov/Archives/edgar/data/789019/000156459020047996/msft-10q_20200930.htm,C:\Users\MSI\Desktop\FinanceProjects\NLP_AlphaGeneration\data\raw\sec\filings\MSFT\2020-10-27_10-Q_000156459020047996.htm
MSFT,MICROSOFT CORP,789019,0000789019,10-Q,2021-01-26,2020-12-31,2021-01-26T21:09:34.000Z,0001564590-21-002316,msft-10q_20201231.htm,https://www.sec.gov/Archives/edgar/data/789019/000156459021002316/msft-10q_20201231.htm,C:\Users\MSI\Desktop\FinanceProjects\NLP_AlphaGeneration\data\raw\sec\filings\MSFT\2021-01-26_10-Q_000156459021002316.htm
MSFT,MICROSOFT CORP,789019,0000789019,10-Q,2021-04-27,2021-03-31,2021-04-27T20:09:38.000Z,0001564590-21-020891,msft-10q_20210331.htm,https://www.sec.gov/Archives/edgar/data/789019/000156459021020891/msft-10q_20210331.htm,C:\Users\MSI\Desktop\FinanceProjects\NLP_AlphaGeneration\data\raw\sec\filings\MSFT\2021-04-27_10-Q_000156459021020891.htm
MSFT,MICROSOFT CORP,789019,0000789019,10-K,2021-07-29,2021-06-30,2021-07-29T20:21:55.000Z,0001564590-21-039151,msft-10k_20210630.htm,https://www.sec.gov/Archives/edgar/data/789019/000156459021039151/msft-10k_20210630.htm,C:\Users\MSI\Desktop\FinanceProjects\NLP_AlphaGeneration\data\raw\sec\filings\MSFT\2021-07-29_10-K_000156459021039151.htm
MSFT,MICROSOFT CORP,789019,0000789019,10-Q,2021-10-26,2021-09-30,2021-10-26T20:11:30.000Z,0001564590-21-051992,msft-10q_20210930.htm,https://www.sec.gov/Archives/edgar/data/789019/000156459021051992/msft-10q_20210930.htm,C:\Users\MSI\Desktop\FinanceProjects\NLP_AlphaGeneration\data\raw\sec\filings\MSFT\2021-10-26_10-Q_000156459021051992.htm
MSFT,MICROSOFT CORP,789019,0000789019,10-Q,2022-01-25,2021-12-31,2022-01-25T21:09:04.000Z,0001564590-22-002324,msft-10q_20211231.htm,https://www.sec.gov/Archives/edgar/data/789019/000156459022002324/msft-10q_20211231.htm,C:\Users\MSI\Desktop\FinanceProjects\NLP_AlphaGeneration\data\raw\sec\filings\MSFT\2022-01-25_10-Q_000156459022002324.htm
MSFT,MICROSOFT CORP,789019,0000789019,10-Q,2022-04-26,2022-03-31,2022-04-26T20:08:55.000Z,0001564590-22-015675,msft-10q_20220331.htm,https://www.sec.gov/Archives/edgar/data/789019/000156459022015675/msft-10q_20220331.htm,C:\Users\MSI\Desktop\FinanceProjects\NLP_AlphaGeneration\data\raw\sec\filings\MSFT\2022-04-26_10-Q_000156459022015675.htm
MSFT,MICROSOFT CORP,789019,0000789019,10-K,2022-07-28,2022-06-30,2022-07-28T20:06:19.000Z,0001564590-22-026876,msft-10k_20220630.htm,https://www.sec.gov/Archives/edgar/data/789019/000156459022026876/msft-10k_20220630.htm,C:\Users\MSI\Desktop\FinanceProjects\NLP_AlphaGeneration\data\raw\sec\filings\MSFT\2022-07-28_10-K_000156459022026876.htm
MSFT,MICROSOFT CORP,789019,0000789019,10-Q,2022-10-25,2022-09-30,2022-10-25T20:08:55.000Z,0001564590-22-035087,msft-10q_20220930.htm,https://www.sec.gov/Archives/edgar/data/789019/000156459022035087/msft-10q_20220930.htm,C:\Users\MSI\Desktop\FinanceProjects\NLP_AlphaGeneration\data\raw\sec\filings\MSFT\2022-10-25_10-Q_000156459022035087.htm
MSFT,MICROSOFT CORP,789019,0000789019,10-Q,2023-01-24,2022-12-31,2023-01-24T21:34:20.000Z,0001564590-23-000733,msft-10q_20221231.htm,https://www.sec.gov/Archives/edgar/data/789019/000156459023000733/msft-10q_20221231.htm,C:\Users\MSI\Desktop\FinanceProjects\NLP_AlphaGeneration\data\raw\sec\filings\MSFT\2023-01-24_10-Q_000156459023000733.htm
MSFT,MICROSOFT CORP,789019,0000789019,10-Q,2023-04-25,2023-03-31,2023-04-25T20:07:43.000Z,0000950170-23-014423,msft-20230331.htm,https://www.sec.gov/Archives/edgar/data/789019/000095017023014423/msft-20230331.htm,C:\Users\MSI\Desktop\FinanceProjects\NLP_AlphaGeneration\data\raw\sec\filings\MSFT\2023-04-25_10-Q_000095017023014423.htm
MSFT,MICROSOFT CORP,789019,0000789019,10-K,2023-07-27,2023-06-30,2023-07-27T20:01:56.000Z,0000950170-23-035122,msft-20230630.htm,https://www.sec.gov/Archives/edgar/data/789019/000095017023035122/msft-20230630.htm,C:\Users\MSI\Desktop\FinanceProjects\NLP_AlphaGeneration\data\raw\sec\filings\MSFT\2023-07-27_10-K_000095017023035122.htm
MSFT,MICROSOFT CORP,789019,0000789019,10-Q,2023-10-24,2023-09-30,2023-10-24T20:07:40.000Z,0000950170-23-054855,msft-20230930.htm,https://www.sec.gov/Archives/edgar/data/789019/000095017023054855/msft-20230930.htm,C:\Users\MSI\Desktop\FinanceProjects\NLP_AlphaGeneration\data\raw\sec\filings\MSFT\2023-10-24_10-Q_000095017023054855.htm
MSFT,MICROSOFT CORP,789019,0000789019,10-Q,2024-01-30,2023-12-31,2024-01-30T21:05:46.000Z,0000950170-24-008814,msft-20231231.htm,https://www.sec.gov/Archives/edgar/data/789019/000095017024008814/msft-20231231.htm,C:\Users\MSI\Desktop\FinanceProjects\NLP_AlphaGeneration\data\raw\sec\filings\MSFT\2024-01-30_10-Q_000095017024008814.htm
MSFT,MICROSOFT CORP,789019,0000789019,10-Q,2024-04-25,2024-03-31,2024-04-25T20:06:24.000Z,0000950170-24-048288,msft-20240331.htm,https://www.sec.gov/Archives/edgar/data/789019/000095017024048288/msft-20240331.htm,C:\Users\MSI\Desktop\FinanceProjects\NLP_AlphaGeneration\data\raw\sec\filings\MSFT\2024-04-25_10-Q_000095017024048288.htm
MSFT,MICROSOFT CORP,789019,0000789019,10-K,2024-07-30,2024-06-30,2024-07-30T20:06:22.000Z,0000950170-24-087843,msft-20240630.htm,https://www.sec.gov/Archives/edgar/data/789019/000095017024087843/msft-20240630.htm,C:\Users\MSI\Desktop\FinanceProjects\NLP_AlphaGeneration\data\raw\sec\filings\MSFT\2024-07-30_10-K_000095017024087843.htm
MSFT,MICROSOFT CORP,789019,0000789019,10-Q,2024-10-30,2024-09-30,2024-10-30T20:07:17.000Z,0000950170-24-118967,msft-20240930.htm,https://www.sec.gov/Archives/edgar/data/789019/000095017024118967/msft-20240930.htm,C:\Users\MSI\Desktop\FinanceProjects\NLP_AlphaGeneration\data\raw\sec\filings\MSFT\2024-10-30_10-Q_000095017024118967.htm
MSFT,MICROSOFT CORP,789019,0000789019,10-Q,2025-01-29,2024-12-31,2025-01-29T21:11:54.000Z,0000950170-25-010491,msft-20241231.htm,https://www.sec.gov/Archives/edgar/data/789019/000095017025010491/msft-20241231.htm,C:\Users\MSI\Desktop\FinanceProjects\NLP_AlphaGeneration\data\raw\sec\filings\MSFT\2025-01-29_10-Q_000095017025010491.htm
MSFT,MICROSOFT CORP,789019,0000789019,10-Q,2025-04-30,2025-03-31,2025-04-30T20:08:52.000Z,0000950170-25-061046,msft-20250331.htm,https://www.sec.gov/Archives/edgar/data/789019/000095017025061046/msft-20250331.htm,C:\Users\MSI\Desktop\FinanceProjects\NLP_AlphaGeneration\data\raw\sec\filings\MSFT\2025-04-30_10-Q_000095017025061046.htm
MSFT,MICROSOFT CORP,789019,0000789019,10-K,2025-07-30,2025-06-30,2025-07-30T20:11:40.000Z,0000950170-25-100235,msft-20250630.htm,https://www.sec.gov/Archives/edgar/data/789019/000095017025100235/msft-20250630.htm,C:\Users\MSI\Desktop\FinanceProjects\NLP_AlphaGeneration\data\raw\sec\filings\MSFT\2025-07-30_10-K_000095017025100235.htm
MSFT,MICROSOFT CORP,789019,0000789019,10-Q,2025-10-29,2025-09-30,2025-10-29T20:10:48.000Z,0001193125-25-256321,msft-20250930.htm,https://www.sec.gov/Archives/edgar/data/789019/000119312525256321/msft-20250930.htm,C:\Users\MSI\Desktop\FinanceProjects\NLP_AlphaGeneration\data\raw\sec\filings\MSFT\2025-10-29_10-Q_000119312525256321.htm
MSFT,MICROSOFT CORP,789019,0000789019,10-Q,2026-01-28,2025-12-31,2026-01-28T21:07:34.000Z,0001193125-26-027207,msft-20251231.htm,https://www.sec.gov/Archives/edgar/data/789019/000119312526027207/msft-20251231.htm,C:\Users\MSI\Desktop\FinanceProjects\NLP_AlphaGeneration\data\raw\sec\filings\MSFT\2026-01-28_10-Q_000119312526027207.htm
MSFT,MICROSOFT CORP,789019,0000789019,10-Q,2026-04-29,2026-03-31,2026-04-29T20:06:24.000Z,0001193125-26-191507,msft-20260331.htm,https://www.sec.gov/Archives/edgar/data/789019/000119312526191507/msft-20260331.htm,C:\Users\MSI\Desktop\FinanceProjects\NLP_AlphaGeneration\data\raw\sec\filings\MSFT\2026-04-29_10-Q_000119312526191507.htm
MSFT,MICROSOFT CORP,789019,0000789019,10-K,2026-07-29,2026-06-30,2026-07-29T20:08:01.000Z,0001193125-26-323660,msft-20260630.htm,https://www.sec.gov/Archives/edgar/data/789019/000119312526323660/msft-20260630.htm,C:\Users\MSI\Desktop\FinanceProjects\NLP_AlphaGeneration\data\raw\sec\filings\MSFT\2026-07-29_10-K_000119312526323660.htm
NVDA,NVIDIA CORP,1045810,0001045810,10-K,2015-03-12,2015-01-25,2015-03-11T23:48:05.000Z,0001045810-15-000036,nvda-2015x10k.htm,https://www.sec.gov/Archives/edgar/data/1045810/000104581015000036/nvda-2015x10k.htm,C:\Users\MSI\Desktop\FinanceProjects\NLP_AlphaGeneration\data\raw\sec\filings\NVDA\2015-03-12_10-K_000104581015000036.htm
NVDA,NVIDIA CORP,1045810,0001045810,10-Q,2015-05-20,2015-04-26,2015-05-20T20:55:12.000Z,0001045810-15-000097,nvda2016q110q.htm,https://www.sec.gov/Archives/edgar/data/1045810/000104581015000097/nvda2016q110q.htm,C:\Users\MSI\Desktop\FinanceProjects\NLP_AlphaGeneration\data\raw\sec\filings\NVDA\2015-05-20_10-Q_000104581015000097.htm
NVDA,NVIDIA CORP,1045810,0001045810,10-Q,2015-08-19,2015-07-26,2015-08-19T20:41:18.000Z,0001045810-15-000143,nvda2016q210q.htm,https://www.sec.gov/Archives/edgar/data/1045810/000104581015000143/nvda2016q210q.htm,C:\Users\MSI\Desktop\FinanceProjects\NLP_AlphaGeneration\data\raw\sec\filings\NVDA\2015-08-19_10-Q_000104581015000143.htm
NVDA,NVIDIA CORP,1045810,0001045810,10-Q,2015-11-18,2015-10-25,2015-11-18T21:39:57.000Z,0001045810-15-000173,nvda2016q310q.htm,https://www.sec.gov/Archives/edgar/data/1045810/000104581015000173/nvda2016q310q.htm,C:\Users\MSI\Desktop\FinanceProjects\NLP_AlphaGeneration\data\raw\sec\filings\NVDA\2015-11-18_10-Q_000104581015000173.htm
NVDA,NVIDIA CORP,1045810,0001045810,10-K,2016-03-17,2016-01-31,2016-03-16T22:07:18.000Z,0001045810-16-000205,nvda-2016x10k.htm,https://www.sec.gov/Archives/edgar/data/1045810/000104581016000205/nvda-2016x10k.htm,C:\Users\MSI\Desktop\FinanceProjects\NLP_AlphaGeneration\data\raw\sec\filings\NVDA\2016-03-17_10-K_000104581016000205.htm
NVDA,NVIDIA CORP,1045810,0001045810,10-Q,2016-05-25,2016-05-01,2016-05-25T20:55:13.000Z,0001045810-16-000275,nvda2017q110q.htm,https://www.sec.gov/Archives/edgar/data/1045810/000104581016000275/nvda2017q110q.htm,C:\Users\MSI\Desktop\FinanceProjects\NLP_AlphaGeneration\data\raw\sec\filings\NVDA\2016-05-25_10-Q_000104581016000275.htm
NVDA,NVIDIA CORP,1045810,0001045810,10-Q,2016-08-23,2016-07-31,2016-08-23T21:20:18.000Z,0001045810-16-000300,nvda2017q210q.htm,https://www.sec.gov/Archives/edgar/data/1045810/000104581016000300/nvda2017q210q.htm,C:\Users\MSI\Desktop\FinanceProjects\NLP_AlphaGeneration\data\raw\sec\filings\NVDA\2016-08-23_10-Q_000104581016000300.htm
NVDA,NVIDIA CORP,1045810,0001045810,10-Q,2016-11-22,2016-10-30,2016-11-22T21:29:33.000Z,0001045810-16-000353,nvda2017q310q.htm,https://www.sec.gov/Archives/edgar/data/1045810/000104581016000353/nvda2017q310q.htm,C:\Users\MSI\Desktop\FinanceProjects\NLP_AlphaGeneration\data\raw\sec\filings\NVDA\2016-11-22_10-Q_000104581016000353.htm
NVDA,NVIDIA CORP,1045810,0001045810,10-K,2017-03-01,2017-01-29,2017-03-01T22:30:49.000Z,0001045810-17-000027,nvda-2017x10k.htm,https://www.sec.gov/Archives/edgar/data/1045810/000104581017000027/nvda-2017x10k.htm,C:\Users\MSI\Desktop\FinanceProjects\NLP_AlphaGeneration\data\raw\sec\filings\NVDA\2017-03-01_10-K_000104581017000027.htm
NVDA,NVIDIA CORP,1045810,0001045810,10-Q,2017-05-23,2017-04-30,2017-05-23T20:34:55.000Z,0001045810-17-000075,nvda2018q110q.htm,https://www.sec.gov/Archives/edgar/data/1045810/000104581017000075/nvda2018q110q.htm,C:\Users\MSI\Desktop\FinanceProjects\NLP_AlphaGeneration\data\raw\sec\filings\NVDA\2017-05-23_10-Q_000104581017000075.htm
NVDA,NVIDIA CORP,1045810,0001045810,10-Q,2017-08-23,2017-07-30,2017-08-23T20:24:51.000Z,0001045810-17-000123,nvda2018q210q.htm,https://www.sec.gov/Archives/edgar/data/1045810/000104581017000123/nvda2018q210q.htm,C:\Users\MSI\Desktop\FinanceProjects\NLP_AlphaGeneration\data\raw\sec\filings\NVDA\2017-08-23_10-Q_000104581017000123.htm
NVDA,NVIDIA CORP,1045810,0001045810,10-Q,2017-11-21,2017-10-29,2017-11-21T21:25:20.000Z,0001045810-17-000172,nvda2018q310q.htm,https://www.sec.gov/Archives/edgar/data/1045810/000104581017000172/nvda2018q310q.htm,C:\Users\MSI\Desktop\FinanceProjects\NLP_AlphaGeneration\data\raw\sec\filings\NVDA\2017-11-21_10-Q_000104581017000172.htm
NVDA,NVIDIA CORP,1045810,0001045810,10-K,2018-02-28,2018-01-28,2018-02-28T21:31:19.000Z,0001045810-18-000010,nvda-2018x10k.htm,https://www.sec.gov/Archives/edgar/data/1045810/000104581018000010/nvda-2018x10k.htm,C:\Users\MSI\Desktop\FinanceProjects\NLP_AlphaGeneration\data\raw\sec\filings\NVDA\2018-02-28_10-K_000104581018000010.htm
NVDA,NVIDIA CORP,1045810,0001045810,10-Q,2018-05-22,2018-04-29,2018-05-22T20:35:51.000Z,0001045810-18-000080,nvda2019q110q.htm,https://www.sec.gov/Archives/edgar/data/1045810/000104581018000080/nvda2019q110q.htm,C:\Users\MSI\Desktop\FinanceProjects\NLP_AlphaGeneration\data\raw\sec\filings\NVDA\2018-05-22_10-Q_000104581018000080.htm
NVDA,NVIDIA CORP,1045810,0001045810,10-Q,2018-08-16,2018-07-29,2018-08-16T20:31:19.000Z,0001045810-18-000114,nvda2019q210q.htm,https://www.sec.gov/Archives/edgar/data/1045810/000104581018000114/nvda2019q210q.htm,C:\Users\MSI\Desktop\FinanceProjects\NLP_AlphaGeneration\data\raw\sec\filings\NVDA\2018-08-16_10-Q_000104581018000114.htm
NVDA,NVIDIA CORP,1045810,0001045810,10-Q,2018-11-15,2018-10-28,2018-11-15T21:32:23.000Z,0001045810-18-000150,nvda2019q310q.htm,https://www.sec.gov/Archives/edgar/data/1045810/000104581018000150/nvda2019q310q.htm,C:\Users\MSI\Desktop\FinanceProjects\NLP_AlphaGeneration\data\raw\sec\filings\NVDA\2018-11-15_10-Q_000104581018000150.htm
NVDA,NVIDIA CORP,1045810,0001045810,10-K,2019-02-21,2019-01-27,2019-02-21T21:37:18.000Z,0001045810-19-000023,nvda-2019x10k.htm,https://www.sec.gov/Archives/edgar/data/1045810/000104581019000023/nvda-2019x10k.htm,C:\Users\MSI\Desktop\FinanceProjects\NLP_AlphaGeneration\data\raw\sec\filings\NVDA\2019-02-21_10-K_000104581019000023.htm
NVDA,NVIDIA CORP,1045810,0001045810,10-Q,2019-05-16,2019-04-28,2019-05-16T20:36:34.000Z,0001045810-19-000079,nvda2020q110q.htm,https://www.sec.gov/Archives/edgar/data/1045810/000104581019000079/nvda2020q110q.htm,C:\Users\MSI\Desktop\FinanceProjects\NLP_AlphaGeneration\data\raw\sec\filings\NVDA\2019-05-16_10-Q_000104581019000079.htm
NVDA,NVIDIA CORP,1045810,0001045810,10-Q,2019-08-15,2019-07-28,2019-08-15T21:20:59.000Z,0001045810-19-000144,nvda2020q210q.htm,https://www.sec.gov/Archives/edgar/data/1045810/000104581019000144/nvda2020q210q.htm,C:\Users\MSI\Desktop\FinanceProjects\NLP_AlphaGeneration\data\raw\sec\filings\NVDA\2019-08-15_10-Q_000104581019000144.htm
NVDA,NVIDIA CORP,1045810,0001045810,10-Q,2019-11-14,2019-10-27,2019-11-14T21:36:33.000Z,0001045810-19-000170,nvda2020q310q.htm,https://www.sec.gov/Archives/edgar/data/1045810/000104581019000170/nvda2020q310q.htm,C:\Users\MSI\Desktop\FinanceProjects\NLP_AlphaGeneration\data\raw\sec\filings\NVDA\2019-11-14_10-Q_000104581019000170.htm
NVDA,NVIDIA CORP,1045810,0001045810,10-K,2020-02-20,2020-01-26,2020-02-20T21:38:18.000Z,0001045810-20-000010,nvda-2020x10k.htm,https://www.sec.gov/Archives/edgar/data/1045810/000104581020000010/nvda-2020x10k.htm,C:\Users\MSI\Desktop\FinanceProjects\NLP_AlphaGeneration\data\raw\sec\filings\NVDA\2020-02-20_10-K_000104581020000010.htm
NVDA,NVIDIA CORP,1045810,0001045810,10-Q,2020-05-21,2020-04-26,2020-05-21T20:32:58.000Z,0001045810-20-000065,nvda-20200426.htm,https://www.sec.gov/Archives/edgar/data/1045810/000104581020000065/nvda-20200426.htm,C:\Users\MSI\Desktop\FinanceProjects\NLP_AlphaGeneration\data\raw\sec\filings\NVDA\2020-05-21_10-Q_000104581020000065.htm
NVDA,NVIDIA CORP,1045810,0001045810,10-Q,2020-08-19,2020-07-26,2020-08-19T20:36:51.000Z,0001045810-20-000147,nvda-20200726.htm,https://www.sec.gov/Archives/edgar/data/1045810/000104581020000147/nvda-20200726.htm,C:\Users\MSI\Desktop\FinanceProjects\NLP_AlphaGeneration\data\raw\sec\filings\NVDA\2020-08-19_10-Q_000104581020000147.htm
NVDA,NVIDIA CORP,1045810,0001045810,10-Q,2020-11-18,2020-10-25,2020-11-18T21:35:57.000Z,0001045810-20-000189,nvda-20201025.htm,https://www.sec.gov/Archives/edgar/data/1045810/000104581020000189/nvda-20201025.htm,C:\Users\MSI\Desktop\FinanceProjects\NLP_AlphaGeneration\data\raw\sec\filings\NVDA\2020-11-18_10-Q_000104581020000189.htm
NVDA,NVIDIA CORP,1045810,0001045810,10-K,2021-02-26,2021-01-31,2021-02-26T22:03:14.000Z,0001045810-21-000010,nvda-20210131.htm,https://www.sec.gov/Archives/edgar/data/1045810/000104581021000010/nvda-20210131.htm,C:\Users\MSI\Desktop\FinanceProjects\NLP_AlphaGeneration\data\raw\sec\filings\NVDA\2021-02-26_10-K_000104581021000010.htm
NVDA,NVIDIA CORP,1045810,0001045810,10-Q,2021-05-26,2021-05-02,2021-05-26T20:35:56.000Z,0001045810-21-000064,nvda-20210502.htm,https://www.sec.gov/Archives/edgar/data/1045810/000104581021000064/nvda-20210502.htm,C:\Users\MSI\Desktop\FinanceProjects\NLP_AlphaGeneration\data\raw\sec\filings\NVDA\2021-05-26_10-Q_000104581021000064.htm
NVDA,NVIDIA CORP,1045810,0001045810,10-Q,2021-08-20,2021-08-01,2021-08-20T20:32:40.000Z,0001045810-21-000131,nvda-20210801.htm,https://www.sec.gov/Archives/edgar/data/1045810/000104581021000131/nvda-20210801.htm,C:\Users\MSI\Desktop\FinanceProjects\NLP_AlphaGeneration\data\raw\sec\filings\NVDA\2021-08-20_10-Q_000104581021000131.htm
NVDA,NVIDIA CORP,1045810,0001045810,10-Q,2021-11-22,2021-10-31,2021-11-20T02:16:20.000Z,0001045810-21-000163,nvda-20211031.htm,https://www.sec.gov/Archives/edgar/data/1045810/000104581021000163/nvda-20211031.htm,C:\Users\MSI\Desktop\FinanceProjects\NLP_AlphaGeneration\data\raw\sec\filings\NVDA\2021-11-22_10-Q_000104581021000163.htm
NVDA,NVIDIA CORP,1045810,0001045810,10-K,2022-03-18,2022-01-30,2022-03-18T00:33:34.000Z,0001045810-22-000036,nvda-20220130.htm,https://www.sec.gov/Archives/edgar/data/1045810/000104581022000036/nvda-20220130.htm,C:\Users\MSI\Desktop\FinanceProjects\NLP_AlphaGeneration\data\raw\sec\filings\NVDA\2022-03-18_10-K_000104581022000036.htm
NVDA,NVIDIA CORP,1045810,0001045810,10-Q,2022-05-27,2022-05-01,2022-05-27T20:21:55.000Z,0001045810-22-000079,nvda-20220501.htm,https://www.sec.gov/Archives/edgar/data/1045810/000104581022000079/nvda-20220501.htm,C:\Users\MSI\Desktop\FinanceProjects\NLP_AlphaGeneration\data\raw\sec\filings\NVDA\2022-05-27_10-Q_000104581022000079.htm
NVDA,NVIDIA CORP,1045810,0001045810,10-Q,2022-08-31,2022-07-31,2022-08-31T21:01:35.000Z,0001045810-22-000147,nvda-20220731.htm,https://www.sec.gov/Archives/edgar/data/1045810/000104581022000147/nvda-20220731.htm,C:\Users\MSI\Desktop\FinanceProjects\NLP_AlphaGeneration\data\raw\sec\filings\NVDA\2022-08-31_10-Q_000104581022000147.htm
NVDA,NVIDIA CORP,1045810,0001045810,10-Q,2022-11-18,2022-10-30,2022-11-18T21:35:31.000Z,0001045810-22-000166,nvda-20221030.htm,https://www.sec.gov/Archives/edgar/data/1045810/000104581022000166/nvda-20221030.htm,C:\Users\MSI\Desktop\FinanceProjects\NLP_AlphaGeneration\data\raw\sec\filings\NVDA\2022-11-18_10-Q_000104581022000166.htm
NVDA,NVIDIA CORP,1045810,0001045810,10-K,2023-02-24,2023-01-29,2023-02-24T22:23:43.000Z,0001045810-23-000017,nvda-20230129.htm,https://www.sec.gov/Archives/edgar/data/1045810/000104581023000017/nvda-20230129.htm,C:\Users\MSI\Desktop\FinanceProjects\NLP_AlphaGeneration\data\raw\sec\filings\NVDA\2023-02-24_10-K_000104581023000017.htm
NVDA,NVIDIA CORP,1045810,0001045810,10-Q,2023-05-26,2023-04-30,2023-05-26T20:17:32.000Z,0001045810-23-000093,nvda-20230430.htm,https://www.sec.gov/Archives/edgar/data/1045810/000104581023000093/nvda-20230430.htm,C:\Users\MSI\Desktop\FinanceProjects\NLP_AlphaGeneration\data\raw\sec\filings\NVDA\2023-05-26_10-Q_000104581023000093.htm
NVDA,NVIDIA CORP,1045810,0001045810,10-Q,2023-08-28,2023-07-30,2023-08-25T23:36:34.000Z,0001045810-23-000175,nvda-20230730.htm,https://www.sec.gov/Archives/edgar/data/1045810/000104581023000175/nvda-20230730.htm,C:\Users\MSI\Desktop\FinanceProjects\NLP_AlphaGeneration\data\raw\sec\filings\NVDA\2023-08-28_10-Q_000104581023000175.htm
NVDA,NVIDIA CORP,1045810,0001045810,10-Q,2023-11-21,2023-10-29,2023-11-21T21:36:29.000Z,0001045810-23-000227,nvda-20231029.htm,https://www.sec.gov/Archives/edgar/data/1045810/000104581023000227/nvda-20231029.htm,C:\Users\MSI\Desktop\FinanceProjects\NLP_AlphaGeneration\data\raw\sec\filings\NVDA\2023-11-21_10-Q_000104581023000227.htm
NVDA,NVIDIA CORP,1045810,0001045810,10-K,2024-02-21,2024-01-28,2024-02-21T21:36:57.000Z,0001045810-24-000029,nvda-20240128.htm,https://www.sec.gov/Archives/edgar/data/1045810/000104581024000029/nvda-20240128.htm,C:\Users\MSI\Desktop\FinanceProjects\NLP_AlphaGeneration\data\raw\sec\filings\NVDA\2024-02-21_10-K_000104581024000029.htm
NVDA,NVIDIA CORP,1045810,0001045810,10-Q,2024-05-29,2024-04-28,2024-05-29T20:36:32.000Z,0001045810-24-000124,nvda-20240428.htm,https://www.sec.gov/Archives/edgar/data/1045810/000104581024000124/nvda-20240428.htm,C:\Users\MSI\Desktop\FinanceProjects\NLP_AlphaGeneration\data\raw\sec\filings\NVDA\2024-05-29_10-Q_000104581024000124.htm
NVDA,NVIDIA CORP,1045810,0001045810,10-Q,2024-08-28,2024-07-28,2024-08-28T21:05:08.000Z,0001045810-24-000264,nvda-20240728.htm,https://www.sec.gov/Archives/edgar/data/1045810/000104581024000264/nvda-20240728.htm,C:\Users\MSI\Desktop\FinanceProjects\NLP_AlphaGeneration\data\raw\sec\filings\NVDA\2024-08-28_10-Q_000104581024000264.htm
NVDA,NVIDIA CORP,1045810,0001045810,10-Q,2024-11-20,2024-10-27,2024-11-20T21:31:22.000Z,0001045810-24-000316,nvda-20241027.htm,https://www.sec.gov/Archives/edgar/data/1045810/000104581024000316/nvda-20241027.htm,C:\Users\MSI\Desktop\FinanceProjects\NLP_AlphaGeneration\data\raw\sec\filings\NVDA\2024-11-20_10-Q_000104581024000316.htm
NVDA,NVIDIA CORP,1045810,0001045810,10-K,2025-02-26,2025-01-26,2025-02-26T21:48:33.000Z,0001045810-25-000023,nvda-20250126.htm,https://www.sec.gov/Archives/edgar/data/1045810/000104581025000023/nvda-20250126.htm,C:\Users\MSI\Desktop\FinanceProjects\NLP_AlphaGeneration\data\raw\sec\filings\NVDA\2025-02-26_10-K_000104581025000023.htm
NVDA,NVIDIA CORP,1045810,0001045810,10-Q,2025-05-28,2025-04-27,2025-05-28T20:32:57.000Z,0001045810-25-000116,nvda-20250427.htm,https://www.sec.gov/Archives/edgar/data/1045810/000104581025000116/nvda-20250427.htm,C:\Users\MSI\Desktop\FinanceProjects\NLP_AlphaGeneration\data\raw\sec\filings\NVDA\2025-05-28_10-Q_000104581025000116.htm
NVDA,NVIDIA CORP,1045810,0001045810,10-Q,2025-08-27,2025-07-27,2025-08-27T20:52:07.000Z,0001045810-25-000209,nvda-20250727.htm,https://www.sec.gov/Archives/edgar/data/1045810/000104581025000209/nvda-20250727.htm,C:\Users\MSI\Desktop\FinanceProjects\NLP_AlphaGeneration\data\raw\sec\filings\NVDA\2025-08-27_10-Q_000104581025000209.htm
NVDA,NVIDIA CORP,1045810,0001045810,10-Q,2025-11-19,2025-10-26,2025-11-19T21:36:17.000Z,0001045810-25-000230,nvda-20251026.htm,https://www.sec.gov/Archives/edgar/data/1045810/000104581025000230/nvda-20251026.htm,C:\Users\MSI\Desktop\FinanceProjects\NLP_AlphaGeneration\data\raw\sec\filings\NVDA\2025-11-19_10-Q_000104581025000230.htm
NVDA,NVIDIA CORP,1045810,0001045810,10-K,2026-02-25,2026-01-25,2026-02-25T21:42:19.000Z,0001045810-26-000021,nvda-20260125.htm,https://www.sec.gov/Archives/edgar/data/1045810/000104581026000021/nvda-20260125.htm,C:\Users\MSI\Desktop\FinanceProjects\NLP_AlphaGeneration\data\raw\sec\filings\NVDA\2026-02-25_10-K_000104581026000021.htm
NVDA,NVIDIA CORP,1045810,0001045810,10-Q,2026-05-20,2026-04-26,2026-05-20T20:35:52.000Z,0001045810-26-000052,nvda-20260426.htm,https://www.sec.gov/Archives/edgar/data/1045810/000104581026000052/nvda-20260426.htm,C:\Users\MSI\Desktop\FinanceProjects\NLP_AlphaGeneration\data\raw\sec\filings\NVDA\2026-05-20_10-Q_000104581026000052.htm
AMZN,AMAZON COM INC,1018724,0001018724,10-K,2015-01-30,2014-12-31,2015-01-30T00:38:08.000Z,0001018724-15-000006,amzn-20141231x10k.htm,https://www.sec.gov/Archives/edgar/data/1018724/000101872415000006/amzn-20141231x10k.htm,C:\Users\MSI\Desktop\FinanceProjects\NLP_AlphaGeneration\data\raw\sec\filings\AMZN\2015-01-30_10-K_000101872415000006.htm
AMZN,AMAZON COM INC,1018724,0001018724,10-Q,2015-04-24,2015-03-31,2015-04-23T23:03:23.000Z,0001018724-15-000038,amzn-20150331x10q.htm,https://www.sec.gov/Archives/edgar/data/1018724/000101872415000038/amzn-20150331x10q.htm,C:\Users\MSI\Desktop\FinanceProjects\NLP_AlphaGeneration\data\raw\sec\filings\AMZN\2015-04-24_10-Q_000101872415000038.htm
AMZN,AMAZON COM INC,1018724,0001018724,10-Q,2015-07-24,2015-06-30,2015-07-23T22:46:09.000Z,0001018724-15-000087,amzn-20150630x10q.htm,https://www.sec.gov/Archives/edgar/data/1018724/000101872415000087/amzn-20150630x10q.htm,C:\Users\MSI\Desktop\FinanceProjects\NLP_AlphaGeneration\data\raw\sec\filings\AMZN\2015-07-24_10-Q_000101872415000087.htm
AMZN,AMAZON COM INC,1018724,0001018724,10-Q,2015-10-23,2015-09-30,2015-10-22T22:50:56.000Z,0001018724-15-000126,amzn-20150930x10q.htm,https://www.sec.gov/Archives/edgar/data/1018724/000101872415000126/amzn-20150930x10q.htm,C:\Users\MSI\Desktop\FinanceProjects\NLP_AlphaGeneration\data\raw\sec\filings\AMZN\2015-10-23_10-Q_000101872415000126.htm
AMZN,AMAZON COM INC,1018724,0001018724,10-K,2016-01-29,2015-12-31,2016-01-29T00:38:11.000Z,0001018724-16-000172,amzn-20151231x10k.htm,https://www.sec.gov/Archives/edgar/data/1018724/000101872416000172/amzn-20151231x10k.htm,C:\Users\MSI\Desktop\FinanceProjects\NLP_AlphaGeneration\data\raw\sec\filings\AMZN\2016-01-29_10-K_000101872416000172.htm
AMZN,AMAZON COM INC,1018724,0001018724,10-Q,2016-04-29,2016-03-31,2016-04-28T22:27:40.000Z,0001018724-16-000227,amzn-20160331x10q.htm,https://www.sec.gov/Archives/edgar/data/1018724/000101872416000227/amzn-20160331x10q.htm,C:\Users\MSI\Desktop\FinanceProjects\NLP_AlphaGeneration\data\raw\sec\filings\AMZN\2016-04-29_10-Q_000101872416000227.htm
AMZN,AMAZON COM INC,1018724,0001018724,10-Q,2016-07-29,2016-06-30,2016-07-28T23:21:05.000Z,0001018724-16-000286,amzn-20160630x10q.htm,https://www.sec.gov/Archives/edgar/data/1018724/000101872416000286/amzn-20160630x10q.htm,C:\Users\MSI\Desktop\FinanceProjects\NLP_AlphaGeneration\data\raw\sec\filings\AMZN\2016-07-29_10-Q_000101872416000286.htm
AMZN,AMAZON COM INC,1018724,0001018724,10-Q,2016-10-28,2016-09-30,2016-10-27T22:38:58.000Z,0001018724-16-000324,amzn-20160930x10q.htm,https://www.sec.gov/Archives/edgar/data/1018724/000101872416000324/amzn-20160930x10q.htm,C:\Users\MSI\Desktop\FinanceProjects\NLP_AlphaGeneration\data\raw\sec\filings\AMZN\2016-10-28_10-Q_000101872416000324.htm
AMZN,AMAZON COM INC,1018724,0001018724,10-K,2017-02-10,2016-12-31,2017-02-09T22:56:36.000Z,0001018724-17-000011,amzn-20161231x10k.htm,https://www.sec.gov/Archives/edgar/data/1018724/000101872417000011/amzn-20161231x10k.htm,C:\Users\MSI\Desktop\FinanceProjects\NLP_AlphaGeneration\data\raw\sec\filings\AMZN\2017-02-10_10-K_000101872417000011.htm
AMZN,AMAZON COM INC,1018724,0001018724,10-Q,2017-04-28,2017-03-31,2017-04-27T23:05:44.000Z,0001018724-17-000051,amzn-20170331x10q.htm,https://www.sec.gov/Archives/edgar/data/1018724/000101872417000051/amzn-20170331x10q.htm,C:\Users\MSI\Desktop\FinanceProjects\NLP_AlphaGeneration\data\raw\sec\filings\AMZN\2017-04-28_10-Q_000101872417000051.htm
AMZN,AMAZON COM INC,1018724,0001018724,10-Q,2017-07-28,2017-06-30,2017-07-27T23:19:31.000Z,0001018724-17-000100,amzn-20170630x10q.htm,https://www.sec.gov/Archives/edgar/data/1018724/000101872417000100/amzn-20170630x10q.htm,C:\Users\MSI\Desktop\FinanceProjects\NLP_AlphaGeneration\data\raw\sec\filings\AMZN\2017-07-28_10-Q_000101872417000100.htm
AMZN,AMAZON COM INC,1018724,0001018724,10-Q,2017-10-27,2017-09-30,2017-10-26T23:41:02.000Z,0001018724-17-000135,amzn-20170930x10q.htm,https://www.sec.gov/Archives/edgar/data/1018724/000101872417000135/amzn-20170930x10q.htm,C:\Users\MSI\Desktop\FinanceProjects\NLP_AlphaGeneration\data\raw\sec\filings\AMZN\2017-10-27_10-Q_000101872417000135.htm
AMZN,AMAZON COM INC,1018724,0001018724,10-K,2018-02-02,2017-12-31,2018-02-02T01:41:15.000Z,0001018724-18-000005,amzn-20171231x10k.htm,https://www.sec.gov/Archives/edgar/data/1018724/000101872418000005/amzn-20171231x10k.htm,C:\Users\MSI\Desktop\FinanceProjects\NLP_AlphaGeneration\data\raw\sec\filings\AMZN\2018-02-02_10-K_000101872418000005.htm
AMZN,AMAZON COM INC,1018724,0001018724,10-Q,2018-04-27,2018-03-31,2018-04-26T23:36:54.000Z,0001018724-18-000072,amzn-20180331x10q.htm,https://www.sec.gov/Archives/edgar/data/1018724/000101872418000072/amzn-20180331x10q.htm,C:\Users\MSI\Desktop\FinanceProjects\NLP_AlphaGeneration\data\raw\sec\filings\AMZN\2018-04-27_10-Q_000101872418000072.htm
AMZN,AMAZON COM INC,1018724,0001018724,10-Q,2018-07-27,2018-06-30,2018-07-26T23:23:13.000Z,0001018724-18-000108,amzn-20180630x10q.htm,https://www.sec.gov/Archives/edgar/data/1018724/000101872418000108/amzn-20180630x10q.htm,C:\Users\MSI\Desktop\FinanceProjects\NLP_AlphaGeneration\data\raw\sec\filings\AMZN\2018-07-27_10-Q_000101872418000108.htm
AMZN,AMAZON COM INC,1018724,0001018724,10-Q,2018-10-26,2018-09-30,2018-10-25T23:42:40.000Z,0001018724-18-000159,amzn-20180930x10q.htm,https://www.sec.gov/Archives/edgar/data/1018724/000101872418000159/amzn-20180930x10q.htm,C:\Users\MSI\Desktop\FinanceProjects\NLP_AlphaGeneration\data\raw\sec\filings\AMZN\2018-10-26_10-Q_000101872418000159.htm
AMZN,AMAZON COM INC,1018724,0001018724,10-K,2019-02-01,2018-12-31,2019-02-01T01:22:40.000Z,0001018724-19-000004,amzn-20181231x10k.htm,https://www.sec.gov/Archives/edgar/data/1018724/000101872419000004/amzn-20181231x10k.htm,C:\Users\MSI\Desktop\FinanceProjects\NLP_AlphaGeneration\data\raw\sec\filings\AMZN\2019-02-01_10-K_000101872419000004.htm
AMZN,AMAZON COM INC,1018724,0001018724,10-Q,2019-04-26,2019-03-31,2019-04-25T23:08:50.000Z,0001018724-19-000043,amzn-2019331x10q.htm,https://www.sec.gov/Archives/edgar/data/1018724/000101872419000043/amzn-2019331x10q.htm,C:\Users\MSI\Desktop\FinanceProjects\NLP_AlphaGeneration\data\raw\sec\filings\AMZN\2019-04-26_10-Q_000101872419000043.htm
AMZN,AMAZON COM INC,1018724,0001018724,10-Q,2019-07-26,2019-06-30,2019-07-25T23:40:28.000Z,0001018724-19-000071,amzn-2019630x10q.htm,https://www.sec.gov/Archives/edgar/data/1018724/000101872419000071/amzn-2019630x10q.htm,C:\Users\MSI\Desktop\FinanceProjects\NLP_AlphaGeneration\data\raw\sec\filings\AMZN\2019-07-26_10-Q_000101872419000071.htm
AMZN,AMAZON COM INC,1018724,0001018724,10-Q,2019-10-25,2019-09-30,2019-10-25T00:49:26.000Z,0001018724-19-000089,amzn-2019930x10q.htm,https://www.sec.gov/Archives/edgar/data/1018724/000101872419000089/amzn-2019930x10q.htm,C:\Users\MSI\Desktop\FinanceProjects\NLP_AlphaGeneration\data\raw\sec\filings\AMZN\2019-10-25_10-Q_000101872419000089.htm
AMZN,AMAZON COM INC,1018724,0001018724,10-K,2020-01-31,2019-12-31,2020-01-31T01:46:13.000Z,0001018724-20-000004,amzn-20191231x10k.htm,https://www.sec.gov/Archives/edgar/data/1018724/000101872420000004/amzn-20191231x10k.htm,C:\Users\MSI\Desktop\FinanceProjects\NLP_AlphaGeneration\data\raw\sec\filings\AMZN\2020-01-31_10-K_000101872420000004.htm
AMZN,AMAZON COM INC,1018724,0001018724,10-Q,2020-05-01,2020-03-31,2020-04-30T23:23:48.000Z,0001018724-20-000010,amzn-20200331x10q.htm,https://www.sec.gov/Archives/edgar/data/1018724/000101872420000010/amzn-20200331x10q.htm,C:\Users\MSI\Desktop\FinanceProjects\NLP_AlphaGeneration\data\raw\sec\filings\AMZN\2020-05-01_10-Q_000101872420000010.htm
AMZN,AMAZON COM INC,1018724,0001018724,10-Q,2020-07-31,2020-06-30,2020-07-31T00:00:55.000Z,0001018724-20-000021,amzn-20200630.htm,https://www.sec.gov/Archives/edgar/data/1018724/000101872420000021/amzn-20200630.htm,C:\Users\MSI\Desktop\FinanceProjects\NLP_AlphaGeneration\data\raw\sec\filings\AMZN\2020-07-31_10-Q_000101872420000021.htm
AMZN,AMAZON COM INC,1018724,0001018724,10-Q,2020-10-30,2020-09-30,2020-10-29T23:08:00.000Z,0001018724-20-000030,amzn-20200930.htm,https://www.sec.gov/Archives/edgar/data/1018724/000101872420000030/amzn-20200930.htm,C:\Users\MSI\Desktop\FinanceProjects\NLP_AlphaGeneration\data\raw\sec\filings\AMZN\2020-10-30_10-Q_000101872420000030.htm
AMZN,AMAZON COM INC,1018724,0001018724,10-K,2021-02-03,2020-12-31,2021-02-03T00:44:10.000Z,0001018724-21-000004,amzn-20201231.htm,https://www.sec.gov/Archives/edgar/data/1018724/000101872421000004/amzn-20201231.htm,C:\Users\MSI\Desktop\FinanceProjects\NLP_AlphaGeneration\data\raw\sec\filings\AMZN\2021-02-03_10-K_000101872421000004.htm
AMZN,AMAZON COM INC,1018724,0001018724,10-Q,2021-04-30,2021-03-31,2021-04-29T22:48:35.000Z,0001018724-21-000010,amzn-20210331.htm,https://www.sec.gov/Archives/edgar/data/1018724/000101872421000010/amzn-20210331.htm,C:\Users\MSI\Desktop\FinanceProjects\NLP_AlphaGeneration\data\raw\sec\filings\AMZN\2021-04-30_10-Q_000101872421000010.htm
AMZN,AMAZON COM INC,1018724,0001018724,10-Q,2021-07-30,2021-06-30,2021-07-29T23:02:39.000Z,0001018724-21-000020,amzn-20210630.htm,https://www.sec.gov/Archives/edgar/data/1018724/000101872421000020/amzn-20210630.htm,C:\Users\MSI\Desktop\FinanceProjects\NLP_AlphaGeneration\data\raw\sec\filings\AMZN\2021-07-30_10-Q_000101872421000020.htm
AMZN,AMAZON COM INC,1018724,0001018724,10-Q,2021-10-29,2021-09-30,2021-10-28T22:29:31.000Z,0001018724-21-000028,amzn-20210930.htm,https://www.sec.gov/Archives/edgar/data/1018724/000101872421000028/amzn-20210930.htm,C:\Users\MSI\Desktop\FinanceProjects\NLP_AlphaGeneration\data\raw\sec\filings\AMZN\2021-10-29_10-Q_000101872421000028.htm
AMZN,AMAZON COM INC,1018724,0001018724,10-K,2022-02-04,2021-12-31,2022-02-03T23:46:51.000Z,0001018724-22-000005,amzn-20211231.htm,https://www.sec.gov/Archives/edgar/data/1018724/000101872422000005/amzn-20211231.htm,C:\Users\MSI\Desktop\FinanceProjects\NLP_AlphaGeneration\data\raw\sec\filings\AMZN\2022-02-04_10-K_000101872422000005.htm
AMZN,AMAZON COM INC,1018724,0001018724,10-Q,2022-04-29,2022-03-31,2022-04-28T22:29:24.000Z,0001018724-22-000013,amzn-20220331.htm,https://www.sec.gov/Archives/edgar/data/1018724/000101872422000013/amzn-20220331.htm,C:\Users\MSI\Desktop\FinanceProjects\NLP_AlphaGeneration\data\raw\sec\filings\AMZN\2022-04-29_10-Q_000101872422000013.htm
AMZN,AMAZON COM INC,1018724,0001018724,10-Q,2022-07-29,2022-06-30,2022-07-28T22:24:06.000Z,0001018724-22-000019,amzn-20220630.htm,https://www.sec.gov/Archives/edgar/data/1018724/000101872422000019/amzn-20220630.htm,C:\Users\MSI\Desktop\FinanceProjects\NLP_AlphaGeneration\data\raw\sec\filings\AMZN\2022-07-29_10-Q_000101872422000019.htm
AMZN,AMAZON COM INC,1018724,0001018724,10-Q,2022-10-28,2022-09-30,2022-10-27T22:23:57.000Z,0001018724-22-000023,amzn-20220930.htm,https://www.sec.gov/Archives/edgar/data/1018724/000101872422000023/amzn-20220930.htm,C:\Users\MSI\Desktop\FinanceProjects\NLP_AlphaGeneration\data\raw\sec\filings\AMZN\2022-10-28_10-Q_000101872422000023.htm
AMZN,AMAZON COM INC,1018724,0001018724,10-K,2023-02-03,2022-12-31,2023-02-02T23:27:34.000Z,0001018724-23-000004,amzn-20221231.htm,https://www.sec.gov/Archives/edgar/data/1018724/000101872423000004/amzn-20221231.htm,C:\Users\MSI\Desktop\FinanceProjects\NLP_AlphaGeneration\data\raw\sec\filings\AMZN\2023-02-03_10-K_000101872423000004.htm
AMZN,AMAZON COM INC,1018724,0001018724,10-Q,2023-04-28,2023-03-31,2023-04-27T22:24:51.000Z,0001018724-23-000008,amzn-20230331.htm,https://www.sec.gov/Archives/edgar/data/1018724/000101872423000008/amzn-20230331.htm,C:\Users\MSI\Desktop\FinanceProjects\NLP_AlphaGeneration\data\raw\sec\filings\AMZN\2023-04-28_10-Q_000101872423000008.htm
AMZN,AMAZON COM INC,1018724,0001018724,10-Q,2023-08-04,2023-06-30,2023-08-03T22:24:35.000Z,0001018724-23-000012,amzn-20230630.htm,https://www.sec.gov/Archives/edgar/data/1018724/000101872423000012/amzn-20230630.htm,C:\Users\MSI\Desktop\FinanceProjects\NLP_AlphaGeneration\data\raw\sec\filings\AMZN\2023-08-04_10-Q_000101872423000012.htm
AMZN,AMAZON COM INC,1018724,0001018724,10-Q,2023-10-27,2023-09-30,2023-10-26T22:36:51.000Z,0001018724-23-000018,amzn-20230930.htm,https://www.sec.gov/Archives/edgar/data/1018724/000101872423000018/amzn-20230930.htm,C:\Users\MSI\Desktop\FinanceProjects\NLP_AlphaGeneration\data\raw\sec\filings\AMZN\2023-10-27_10-Q_000101872423000018.htm
AMZN,AMAZON COM INC,1018724,0001018724,10-K,2024-02-02,2023-12-31,2024-02-01T23:48:30.000Z,0001018724-24-000008,amzn-20231231.htm,https://www.sec.gov/Archives/edgar/data/1018724/000101872424000008/amzn-20231231.htm,C:\Users\MSI\Desktop\FinanceProjects\NLP_AlphaGeneration\data\raw\sec\filings\AMZN\2024-02-02_10-K_000101872424000008.htm
AMZN,AMAZON COM INC,1018724,0001018724,10-Q,2024-05-01,2024-03-31,2024-04-30T22:38:29.000Z,0001018724-24-000083,amzn-20240331.htm,https://www.sec.gov/Archives/edgar/data/1018724/000101872424000083/amzn-20240331.htm,C:\Users\MSI\Desktop\FinanceProjects\NLP_AlphaGeneration\data\raw\sec\filings\AMZN\2024-05-01_10-Q_000101872424000083.htm
AMZN,AMAZON COM INC,1018724,0001018724,10-Q,2024-08-02,2024-06-30,2024-08-01T22:39:50.000Z,0001018724-24-000130,amzn-20240630.htm,https://www.sec.gov/Archives/edgar/data/1018724/000101872424000130/amzn-20240630.htm,C:\Users\MSI\Desktop\FinanceProjects\NLP_AlphaGeneration\data\raw\sec\filings\AMZN\2024-08-02_10-Q_000101872424000130.htm
AMZN,AMAZON COM INC,1018724,0001018724,10-Q,2024-11-01,2024-09-30,2024-10-31T22:44:54.000Z,0001018724-24-000161,amzn-20240930.htm,https://www.sec.gov/Archives/edgar/data/1018724/000101872424000161/amzn-20240930.htm,C:\Users\MSI\Desktop\FinanceProjects\NLP_AlphaGeneration\data\raw\sec\filings\AMZN\2024-11-01_10-Q_000101872424000161.htm
AMZN,AMAZON COM INC,1018724,0001018724,10-K,2025-02-07,2024-12-31,2025-02-06T23:40:29.000Z,0001018724-25-000004,amzn-20241231.htm,https://www.sec.gov/Archives/edgar/data/1018724/000101872425000004/amzn-20241231.htm,C:\Users\MSI\Desktop\FinanceProjects\NLP_AlphaGeneration\data\raw\sec\filings\AMZN\2025-02-07_10-K_000101872425000004.htm
AMZN,AMAZON COM INC,1018724,0001018724,10-Q,2025-05-02,2025-03-31,2025-05-01T22:14:53.000Z,0001018724-25-000036,amzn-20250331.htm,https://www.sec.gov/Archives/edgar/data/1018724/000101872425000036/amzn-20250331.htm,C:\Users\MSI\Desktop\FinanceProjects\NLP_AlphaGeneration\data\raw\sec\filings\AMZN\2025-05-02_10-Q_000101872425000036.htm
AMZN,AMAZON COM INC,1018724,0001018724,10-Q,2025-08-01,2025-06-30,2025-07-31T22:13:08.000Z,0001018724-25-000086,amzn-20250630.htm,https://www.sec.gov/Archives/edgar/data/1018724/000101872425000086/amzn-20250630.htm,C:\Users\MSI\Desktop\FinanceProjects\NLP_AlphaGeneration\data\raw\sec\filings\AMZN\2025-08-01_10-Q_000101872425000086.htm
AMZN,AMAZON COM INC,1018724,0001018724,10-Q,2025-10-31,2025-09-30,2025-10-30T22:18:21.000Z,0001018724-25-000123,amzn-20250930.htm,https://www.sec.gov/Archives/edgar/data/1018724/000101872425000123/amzn-20250930.htm,C:\Users\MSI\Desktop\FinanceProjects\NLP_AlphaGeneration\data\raw\sec\filings\AMZN\2025-10-31_10-Q_000101872425000123.htm
AMZN,AMAZON COM INC,1018724,0001018724,10-K,2026-02-06,2025-12-31,2026-02-05T23:44:31.000Z,0001018724-26-000004,amzn-20251231.htm,https://www.sec.gov/Archives/edgar/data/1018724/000101872426000004/amzn-20251231.htm,C:\Users\MSI\Desktop\FinanceProjects\NLP_AlphaGeneration\data\raw\sec\filings\AMZN\2026-02-06_10-K_000101872426000004.htm
AMZN,AMAZON COM INC,1018724,0001018724,10-Q,2026-04-30,2026-03-31,2026-04-29T22:48:09.000Z,0001018724-26-000014,amzn-20260331.htm,https://www.sec.gov/Archives/edgar/data/1018724/000101872426000014/amzn-20260331.htm,C:\Users\MSI\Desktop\FinanceProjects\NLP_AlphaGeneration\data\raw\sec\filings\AMZN\2026-04-30_10-Q_000101872426000014.htm
AMZN,AMAZON COM INC,1018724,0001018724,10-Q,2026-07-31,2026-06-30,2026-07-30T22:11:13.000Z,0001018724-26-000026,amzn-20260630.htm,https://www.sec.gov/Archives/edgar/data/1018724/000101872426000026/amzn-20260630.htm,C:\Users\MSI\Desktop\FinanceProjects\NLP_AlphaGeneration\data\raw\sec\filings\AMZN\2026-07-31_10-Q_000101872426000026.htm
META,"Meta Platforms, Inc.",1326801,0001326801,10-K,2015-01-29,2014-12-31,2015-01-29T21:35:58.000Z,0001326801-15-000006,fb-12312014x10k.htm,https://www.sec.gov/Archives/edgar/data/1326801/000132680115000006/fb-12312014x10k.htm,C:\Users\MSI\Desktop\FinanceProjects\NLP_AlphaGeneration\data\raw\sec\filings\META\2015-01-29_10-K_000132680115000006.htm
META,"Meta Platforms, Inc.",1326801,0001326801,10-Q,2015-04-23,2015-03-31,2015-04-23T20:23:16.000Z,0001326801-15-000015,fb-3312015x10q.htm,https://www.sec.gov/Archives/edgar/data/1326801/000132680115000015/fb-3312015x10q.htm,C:\Users\MSI\Desktop\FinanceProjects\NLP_AlphaGeneration\data\raw\sec\filings\META\2015-04-23_10-Q_000132680115000015.htm
META,"Meta Platforms, Inc.",1326801,0001326801,10-Q,2015-07-31,2015-06-30,2015-07-30T22:43:25.000Z,0001326801-15-000028,fb-6302015x10q.htm,https://www.sec.gov/Archives/edgar/data/1326801/000132680115000028/fb-6302015x10q.htm,C:\Users\MSI\Desktop\FinanceProjects\NLP_AlphaGeneration\data\raw\sec\filings\META\2015-07-31_10-Q_000132680115000028.htm
META,"Meta Platforms, Inc.",1326801,0001326801,10-Q,2015-11-05,2015-09-30,2015-11-05T21:47:45.000Z,0001326801-15-000032,fb-9302015x10q.htm,https://www.sec.gov/Archives/edgar/data/1326801/000132680115000032/fb-9302015x10q.htm,C:\Users\MSI\Desktop\FinanceProjects\NLP_AlphaGeneration\data\raw\sec\filings\META\2015-11-05_10-Q_000132680115000032.htm
META,"Meta Platforms, Inc.",1326801,0001326801,10-K,2016-01-28,2015-12-31,2016-01-28T21:17:07.000Z,0001326801-16-000043,fb-12312015x10k.htm,https://www.sec.gov/Archives/edgar/data/1326801/000132680116000043/fb-12312015x10k.htm,C:\Users\MSI\Desktop\FinanceProjects\NLP_AlphaGeneration\data\raw\sec\filings\META\2016-01-28_10-K_000132680116000043.htm
META,"Meta Platforms, Inc.",1326801,0001326801,10-Q,2016-04-28,2016-03-31,2016-04-28T20:15:04.000Z,0001326801-16-000067,fb-3312016x10q.htm,https://www.sec.gov/Archives/edgar/data/1326801/000132680116000067/fb-3312016x10q.htm,C:\Users\MSI\Desktop\FinanceProjects\NLP_AlphaGeneration\data\raw\sec\filings\META\2016-04-28_10-Q_000132680116000067.htm
META,"Meta Platforms, Inc.",1326801,0001326801,10-Q,2016-07-28,2016-06-30,2016-07-28T20:19:58.000Z,0001326801-16-000082,fb-6302016x10q.htm,https://www.sec.gov/Archives/edgar/data/1326801/000132680116000082/fb-6302016x10q.htm,C:\Users\MSI\Desktop\FinanceProjects\NLP_AlphaGeneration\data\raw\sec\filings\META\2016-07-28_10-Q_000132680116000082.htm
META,"Meta Platforms, Inc.",1326801,0001326801,10-Q,2016-11-03,2016-09-30,2016-11-03T20:05:28.000Z,0001326801-16-000087,fb-9302016x10q.htm,https://www.sec.gov/Archives/edgar/data/1326801/000132680116000087/fb-9302016x10q.htm,C:\Users\MSI\Desktop\FinanceProjects\NLP_AlphaGeneration\data\raw\sec\filings\META\2016-11-03_10-Q_000132680116000087.htm
META,"Meta Platforms, Inc.",1326801,0001326801,10-K,2017-02-03,2016-12-31,2017-02-03T02:13:52.000Z,0001326801-17-000007,fb-12312016x10k.htm,https://www.sec.gov/Archives/edgar/data/1326801/000132680117000007/fb-12312016x10k.htm,C:\Users\MSI\Desktop\FinanceProjects\NLP_AlphaGeneration\data\raw\sec\filings\META\2017-02-03_10-K_000132680117000007.htm
META,"Meta Platforms, Inc.",1326801,0001326801,10-Q,2017-05-04,2017-03-31,2017-05-04T20:20:47.000Z,0001326801-17-000024,fb-03312017x10q.htm,https://www.sec.gov/Archives/edgar/data/1326801/000132680117000024/fb-03312017x10q.htm,C:\Users\MSI\Desktop\FinanceProjects\NLP_AlphaGeneration\data\raw\sec\filings\META\2017-05-04_10-Q_000132680117000024.htm
META,"Meta Platforms, Inc.",1326801,0001326801,10-Q,2017-07-27,2017-06-30,2017-07-27T20:25:55.000Z,0001326801-17-000038,fb-06302017x10q.htm,https://www.sec.gov/Archives/edgar/data/1326801/000132680117000038/fb-06302017x10q.htm,C:\Users\MSI\Desktop\FinanceProjects\NLP_AlphaGeneration\data\raw\sec\filings\META\2017-07-27_10-Q_000132680117000038.htm
META,"Meta Platforms, Inc.",1326801,0001326801,10-Q,2017-11-02,2017-09-30,2017-11-02T20:37:43.000Z,0001326801-17-000053,fb-09302017x10q.htm,https://www.sec.gov/Archives/edgar/data/1326801/000132680117000053/fb-09302017x10q.htm,C:\Users\MSI\Desktop\FinanceProjects\NLP_AlphaGeneration\data\raw\sec\filings\META\2017-11-02_10-Q_000132680117000053.htm
META,"Meta Platforms, Inc.",1326801,0001326801,10-K,2018-02-01,2017-12-31,2018-02-01T21:58:26.000Z,0001326801-18-000009,fb-12312017x10k.htm,https://www.sec.gov/Archives/edgar/data/1326801/000132680118000009/fb-12312017x10k.htm,C:\Users\MSI\Desktop\FinanceProjects\NLP_AlphaGeneration\data\raw\sec\filings\META\2018-02-01_10-K_000132680118000009.htm
META,"Meta Platforms, Inc.",1326801,0001326801,10-Q,2018-04-26,2018-03-31,2018-04-26T21:06:41.000Z,0001326801-18-000032,fb-03312018x10q.htm,https://www.sec.gov/Archives/edgar/data/1326801/000132680118000032/fb-03312018x10q.htm,C:\Users\MSI\Desktop\FinanceProjects\NLP_AlphaGeneration\data\raw\sec\filings\META\2018-04-26_10-Q_000132680118000032.htm
META,"Meta Platforms, Inc.",1326801,0001326801,10-Q,2018-07-26,2018-06-30,2018-07-26T20:25:03.000Z,0001326801-18-000057,fb-06302018x10q.htm,https://www.sec.gov/Archives/edgar/data/1326801/000132680118000057/fb-06302018x10q.htm,C:\Users\MSI\Desktop\FinanceProjects\NLP_AlphaGeneration\data\raw\sec\filings\META\2018-07-26_10-Q_000132680118000057.htm
META,"Meta Platforms, Inc.",1326801,0001326801,10-Q,2018-10-31,2018-09-30,2018-10-31T20:13:09.000Z,0001326801-18-000067,fb-09302018x10q.htm,https://www.sec.gov/Archives/edgar/data/1326801/000132680118000067/fb-09302018x10q.htm,C:\Users\MSI\Desktop\FinanceProjects\NLP_AlphaGeneration\data\raw\sec\filings\META\2018-10-31_10-Q_000132680118000067.htm
META,"Meta Platforms, Inc.",1326801,0001326801,10-K,2019-01-31,2018-12-31,2019-01-31T21:58:29.000Z,0001326801-19-000009,fb-12312018x10k.htm,https://www.sec.gov/Archives/edgar/data/1326801/000132680119000009/fb-12312018x10k.htm,C:\Users\MSI\Desktop\FinanceProjects\NLP_AlphaGeneration\data\raw\sec\filings\META\2019-01-31_10-K_000132680119000009.htm
META,"Meta Platforms, Inc.",1326801,0001326801,10-Q,2019-04-25,2019-03-31,2019-04-25T01:06:00.000Z,0001326801-19-000037,fb-03312019x10q.htm,https://www.sec.gov/Archives/edgar/data/1326801/000132680119000037/fb-03312019x10q.htm,C:\Users\MSI\Desktop\FinanceProjects\NLP_AlphaGeneration\data\raw\sec\filings\META\2019-04-25_10-Q_000132680119000037.htm
META,"Meta Platforms, Inc.",1326801,0001326801,10-Q,2019-07-25,2019-06-30,2019-07-25T01:12:30.000Z,0001326801-19-000055,fb-06302019x10q.htm,https://www.sec.gov/Archives/edgar/data/1326801/000132680119000055/fb-06302019x10q.htm,C:\Users\MSI\Desktop\FinanceProjects\NLP_AlphaGeneration\data\raw\sec\filings\META\2019-07-25_10-Q_000132680119000055.htm
META,"Meta Platforms, Inc.",1326801,0001326801,10-Q,2019-10-31,2019-09-30,2019-10-31T01:00:31.000Z,0001326801-19-000069,fb-09302019x10q.htm,https://www.sec.gov/Archives/edgar/data/1326801/000132680119000069/fb-09302019x10q.htm,C:\Users\MSI\Desktop\FinanceProjects\NLP_AlphaGeneration\data\raw\sec\filings\META\2019-10-31_10-Q_000132680119000069.htm
META,"Meta Platforms, Inc.",1326801,0001326801,10-K,2020-01-30,2019-12-31,2020-01-30T02:12:14.000Z,0001326801-20-000013,fb-12312019x10k.htm,https://www.sec.gov/Archives/edgar/data/1326801/000132680120000013/fb-12312019x10k.htm,C:\Users\MSI\Desktop\FinanceProjects\NLP_AlphaGeneration\data\raw\sec\filings\META\2020-01-30_10-K_000132680120000013.htm
META,"Meta Platforms, Inc.",1326801,0001326801,10-Q,2020-04-30,2020-03-31,2020-04-30T10:14:44.000Z,0001326801-20-000048,fb-03312020x10q.htm,https://www.sec.gov/Archives/edgar/data/1326801/000132680120000048/fb-03312020x10q.htm,C:\Users\MSI\Desktop\FinanceProjects\NLP_AlphaGeneration\data\raw\sec\filings\META\2020-04-30_10-Q_000132680120000048.htm
META,"Meta Platforms, Inc.",1326801,0001326801,10-Q,2020-07-31,2020-06-30,2020-07-31T20:17:44.000Z,0001326801-20-000076,fb-06302020x10q.htm,https://www.sec.gov/Archives/edgar/data/1326801/000132680120000076/fb-06302020x10q.htm,C:\Users\MSI\Desktop\FinanceProjects\NLP_AlphaGeneration\data\raw\sec\filings\META\2020-07-31_10-Q_000132680120000076.htm
META,"Meta Platforms, Inc.",1326801,0001326801,10-Q,2020-10-30,2020-09-30,2020-10-30T01:29:56.000Z,0001326801-20-000084,fb-09302020x10q.htm,https://www.sec.gov/Archives/edgar/data/1326801/000132680120000084/fb-09302020x10q.htm,C:\Users\MSI\Desktop\FinanceProjects\NLP_AlphaGeneration\data\raw\sec\filings\META\2020-10-30_10-Q_000132680120000084.htm
META,"Meta Platforms, Inc.",1326801,0001326801,10-K,2021-01-28,2020-12-31,2021-01-28T02:13:48.000Z,0001326801-21-000014,fb-20201231.htm,https://www.sec.gov/Archives/edgar/data/1326801/000132680121000014/fb-20201231.htm,C:\Users\MSI\Desktop\FinanceProjects\NLP_AlphaGeneration\data\raw\sec\filings\META\2021-01-28_10-K_000132680121000014.htm
META,"Meta Platforms, Inc.",1326801,0001326801,10-Q,2021-04-29,2021-03-31,2021-04-29T00:12:05.000Z,0001326801-21-000033,fb-20210331.htm,https://www.sec.gov/Archives/edgar/data/1326801/000132680121000033/fb-20210331.htm,C:\Users\MSI\Desktop\FinanceProjects\NLP_AlphaGeneration\data\raw\sec\filings\META\2021-04-29_10-Q_000132680121000033.htm
META,"Meta Platforms, Inc.",1326801,0001326801,10-Q,2021-07-29,2021-06-30,2021-07-29T00:13:08.000Z,0001326801-21-000049,fb-20210630.htm,https://www.sec.gov/Archives/edgar/data/1326801/000132680121000049/fb-20210630.htm,C:\Users\MSI\Desktop\FinanceProjects\NLP_AlphaGeneration\data\raw\sec\filings\META\2021-07-29_10-Q_000132680121000049.htm
META,"Meta Platforms, Inc.",1326801,0001326801,10-Q,2021-10-26,2021-09-30,2021-10-26T00:44:20.000Z,0001326801-21-000065,fb-20210930.htm,https://www.sec.gov/Archives/edgar/data/1326801/000132680121000065/fb-20210930.htm,C:\Users\MSI\Desktop\FinanceProjects\NLP_AlphaGeneration\data\raw\sec\filings\META\2021-10-26_10-Q_000132680121000065.htm
META,"Meta Platforms, Inc.",1326801,0001326801,10-K,2022-02-03,2021-12-31,2022-02-03T02:11:04.000Z,0001326801-22-000018,fb-20211231.htm,https://www.sec.gov/Archives/edgar/data/1326801/000132680122000018/fb-20211231.htm,C:\Users\MSI\Desktop\FinanceProjects\NLP_AlphaGeneration\data\raw\sec\filings\META\2022-02-03_10-K_000132680122000018.htm
META,"Meta Platforms, Inc.",1326801,0001326801,10-Q,2022-04-28,2022-03-31,2022-04-28T00:42:59.000Z,0001326801-22-000057,meta-20220331.htm,https://www.sec.gov/Archives/edgar/data/1326801/000132680122000057/meta-20220331.htm,C:\Users\MSI\Desktop\FinanceProjects\NLP_AlphaGeneration\data\raw\sec\filings\META\2022-04-28_10-Q_000132680122000057.htm
META,"Meta Platforms, Inc.",1326801,0001326801,10-Q,2022-07-28,2022-06-30,2022-07-28T00:44:34.000Z,0001326801-22-000082,meta-20220630.htm,https://www.sec.gov/Archives/edgar/data/1326801/000132680122000082/meta-20220630.htm,C:\Users\MSI\Desktop\FinanceProjects\NLP_AlphaGeneration\data\raw\sec\filings\META\2022-07-28_10-Q_000132680122000082.htm
META,"Meta Platforms, Inc.",1326801,0001326801,10-Q,2022-10-27,2022-09-30,2022-10-27T00:26:36.000Z,0001326801-22-000108,meta-20220930.htm,https://www.sec.gov/Archives/edgar/data/1326801/000132680122000108/meta-20220930.htm,C:\Users\MSI\Desktop\FinanceProjects\NLP_AlphaGeneration\data\raw\sec\filings\META\2022-10-27_10-Q_000132680122000108.htm
META,"Meta Platforms, Inc.",1326801,0001326801,10-K,2023-02-02,2022-12-31,2023-02-02T01:26:31.000Z,0001326801-23-000013,meta-20221231.htm,https://www.sec.gov/Archives/edgar/data/1326801/000132680123000013/meta-20221231.htm,C:\Users\MSI\Desktop\FinanceProjects\NLP_AlphaGeneration\data\raw\sec\filings\META\2023-02-02_10-K_000132680123000013.htm
META,"Meta Platforms, Inc.",1326801,0001326801,10-Q,2023-04-27,2023-03-31,2023-04-27T00:56:18.000Z,0001326801-23-000067,meta-20230331.htm,https://www.sec.gov/Archives/edgar/data/1326801/000132680123000067/meta-20230331.htm,C:\Users\MSI\Desktop\FinanceProjects\NLP_AlphaGeneration\data\raw\sec\filings\META\2023-04-27_10-Q_000132680123000067.htm
META,"Meta Platforms, Inc.",1326801,0001326801,10-Q,2023-07-27,2023-06-30,2023-07-27T00:11:08.000Z,0001326801-23-000093,meta-20230630.htm,https://www.sec.gov/Archives/edgar/data/1326801/000132680123000093/meta-20230630.htm,C:\Users\MSI\Desktop\FinanceProjects\NLP_AlphaGeneration\data\raw\sec\filings\META\2023-07-27_10-Q_000132680123000093.htm
META,"Meta Platforms, Inc.",1326801,0001326801,10-Q,2023-10-26,2023-09-30,2023-10-26T00:07:27.000Z,0001326801-23-000103,meta-20230930.htm,https://www.sec.gov/Archives/edgar/data/1326801/000132680123000103/meta-20230930.htm,C:\Users\MSI\Desktop\FinanceProjects\NLP_AlphaGeneration\data\raw\sec\filings\META\2023-10-26_10-Q_000132680123000103.htm
META,"Meta Platforms, Inc.",1326801,0001326801,10-K,2024-02-02,2023-12-31,2024-02-02T00:39:02.000Z,0001326801-24-000012,meta-20231231.htm,https://www.sec.gov/Archives/edgar/data/1326801/000132680124000012/meta-20231231.htm,C:\Users\MSI\Desktop\FinanceProjects\NLP_AlphaGeneration\data\raw\sec\filings\META\2024-02-02_10-K_000132680124000012.htm
META,"Meta Platforms, Inc.",1326801,0001326801,10-Q,2024-04-25,2024-03-31,2024-04-25T00:14:19.000Z,0001326801-24-000049,meta-20240331.htm,https://www.sec.gov/Archives/edgar/data/1326801/000132680124000049/meta-20240331.htm,C:\Users\MSI\Desktop\FinanceProjects\NLP_AlphaGeneration\data\raw\sec\filings\META\2024-04-25_10-Q_000132680124000049.htm
META,"Meta Platforms, Inc.",1326801,0001326801,10-Q,2024-08-01,2024-06-30,2024-08-01T00:14:40.000Z,0001326801-24-000069,meta-20240630.htm,https://www.sec.gov/Archives/edgar/data/1326801/000132680124000069/meta-20240630.htm,C:\Users\MSI\Desktop\FinanceProjects\NLP_AlphaGeneration\data\raw\sec\filings\META\2024-08-01_10-Q_000132680124000069.htm
META,"Meta Platforms, Inc.",1326801,0001326801,10-Q,2024-10-31,2024-09-30,2024-10-30T23:54:51.000Z,0001326801-24-000081,meta-20240930.htm,https://www.sec.gov/Archives/edgar/data/1326801/000132680124000081/meta-20240930.htm,C:\Users\MSI\Desktop\FinanceProjects\NLP_AlphaGeneration\data\raw\sec\filings\META\2024-10-31_10-Q_000132680124000081.htm
META,"Meta Platforms, Inc.",1326801,0001326801,10-K,2025-01-30,2024-12-31,2025-01-30T01:00:50.000Z,0001326801-25-000017,meta-20241231.htm,https://www.sec.gov/Archives/edgar/data/1326801/000132680125000017/meta-20241231.htm,C:\Users\MSI\Desktop\FinanceProjects\NLP_AlphaGeneration\data\raw\sec\filings\META\2025-01-30_10-K_000132680125000017.htm
META,"Meta Platforms, Inc.",1326801,0001326801,10-Q,2025-05-01,2025-03-31,2025-05-01T00:03:18.000Z,0001326801-25-000054,meta-20250331.htm,https://www.sec.gov/Archives/edgar/data/1326801/000132680125000054/meta-20250331.htm,C:\Users\MSI\Desktop\FinanceProjects\NLP_AlphaGeneration\data\raw\sec\filings\META\2025-05-01_10-Q_000132680125000054.htm
META,"Meta Platforms, Inc.",1326801,0001326801,10-Q,2025-07-31,2025-06-30,2025-07-31T00:02:12.000Z,0001628280-25-036791,meta-20250630.htm,https://www.sec.gov/Archives/edgar/data/1326801/000162828025036791/meta-20250630.htm,C:\Users\MSI\Desktop\FinanceProjects\NLP_AlphaGeneration\data\raw\sec\filings\META\2025-07-31_10-Q_000162828025036791.htm
META,"Meta Platforms, Inc.",1326801,0001326801,10-Q,2025-10-30,2025-09-30,2025-10-29T22:50:26.000Z,0001628280-25-047240,meta-20250930.htm,https://www.sec.gov/Archives/edgar/data/1326801/000162828025047240/meta-20250930.htm,C:\Users\MSI\Desktop\FinanceProjects\NLP_AlphaGeneration\data\raw\sec\filings\META\2025-10-30_10-Q_000162828025047240.htm
META,"Meta Platforms, Inc.",1326801,0001326801,10-K,2026-01-29,2025-12-31,2026-01-29T00:13:46.000Z,0001628280-26-003942,meta-20251231.htm,https://www.sec.gov/Archives/edgar/data/1326801/000162828026003942/meta-20251231.htm,C:\Users\MSI\Desktop\FinanceProjects\NLP_AlphaGeneration\data\raw\sec\filings\META\2026-01-29_10-K_000162828026003942.htm
META,"Meta Platforms, Inc.",1326801,0001326801,10-Q,2026-04-30,2026-03-31,2026-04-29T23:54:11.000Z,0001628280-26-028526,meta-20260331.htm,https://www.sec.gov/Archives/edgar/data/1326801/000162828026028526/meta-20260331.htm,C:\Users\MSI\Desktop\FinanceProjects\NLP_AlphaGeneration\data\raw\sec\filings\META\2026-04-30_10-Q_000162828026028526.htm
META,"Meta Platforms, Inc.",1326801,0001326801,10-Q,2026-07-30,2026-06-30,2026-07-29T22:58:51.000Z,0001628280-26-050705,meta-20260630.htm,https://www.sec.gov/Archives/edgar/data/1326801/000162828026050705/meta-20260630.htm,C:\Users\MSI\Desktop\FinanceProjects\NLP_AlphaGeneration\data\raw\sec\filings\META\2026-07-30_10-Q_000162828026050705.htm
GOOGL,Alphabet Inc.,1652044,0001652044,10-Q,2015-10-29,2015-09-30,2015-10-29T20:05:33.000Z,0001652044-15-000005,alpha10-qq32015.htm,https://www.sec.gov/Archives/edgar/data/1652044/000165204415000005/alpha10-qq32015.htm,C:\Users\MSI\Desktop\FinanceProjects\NLP_AlphaGeneration\data\raw\sec\filings\GOOGL\2015-10-29_10-Q_000165204415000005.htm
GOOGL,Alphabet Inc.,1652044,0001652044,10-K,2016-02-11,2015-12-31,2016-02-11T21:38:35.000Z,0001652044-16-000012,goog10-k2015.htm,https://www.sec.gov/Archives/edgar/data/1652044/000165204416000012/goog10-k2015.htm,C:\Users\MSI\Desktop\FinanceProjects\NLP_AlphaGeneration\data\raw\sec\filings\GOOGL\2016-02-11_10-K_000165204416000012.htm
GOOGL,Alphabet Inc.,1652044,0001652044,10-Q,2016-05-03,2016-03-31,2016-05-03T00:56:36.000Z,0001652044-16-000021,goog10-qq12016.htm,https://www.sec.gov/Archives/edgar/data/1652044/000165204416000021/goog10-qq12016.htm,C:\Users\MSI\Desktop\FinanceProjects\NLP_AlphaGeneration\data\raw\sec\filings\GOOGL\2016-05-03_10-Q_000165204416000021.htm
GOOGL,Alphabet Inc.,1652044,0001652044,10-Q,2016-08-04,2016-06-30,2016-08-04T20:22:44.000Z,0001652044-16-000032,goog10-qq22016.htm,https://www.sec.gov/Archives/edgar/data/1652044/000165204416000032/goog10-qq22016.htm,C:\Users\MSI\Desktop\FinanceProjects\NLP_AlphaGeneration\data\raw\sec\filings\GOOGL\2016-08-04_10-Q_000165204416000032.htm
GOOGL,Alphabet Inc.,1652044,0001652044,10-Q,2016-11-03,2016-09-30,2016-11-02T21:46:02.000Z,0001652044-16-000038,goog10-qq32016.htm,https://www.sec.gov/Archives/edgar/data/1652044/000165204416000038/goog10-qq32016.htm,C:\Users\MSI\Desktop\FinanceProjects\NLP_AlphaGeneration\data\raw\sec\filings\GOOGL\2016-11-03_10-Q_000165204416000038.htm
GOOGL,Alphabet Inc.,1652044,0001652044,10-K,2017-02-03,2016-12-31,2017-02-02T23:13:47.000Z,0001652044-17-000008,goog10-kq42016.htm,https://www.sec.gov/Archives/edgar/data/1652044/000165204417000008/goog10-kq42016.htm,C:\Users\MSI\Desktop\FinanceProjects\NLP_AlphaGeneration\data\raw\sec\filings\GOOGL\2017-02-03_10-K_000165204417000008.htm
GOOGL,Alphabet Inc.,1652044,0001652044,10-Q,2017-05-02,2017-03-31,2017-05-02T20:25:09.000Z,0001652044-17-000014,goog10-qq12017.htm,https://www.sec.gov/Archives/edgar/data/1652044/000165204417000014/goog10-qq12017.htm,C:\Users\MSI\Desktop\FinanceProjects\NLP_AlphaGeneration\data\raw\sec\filings\GOOGL\2017-05-02_10-Q_000165204417000014.htm
GOOGL,Alphabet Inc.,1652044,0001652044,10-Q,2017-07-25,2017-06-30,2017-07-24T22:23:27.000Z,0001652044-17-000026,goog10-qq22017.htm,https://www.sec.gov/Archives/edgar/data/1652044/000165204417000026/goog10-qq22017.htm,C:\Users\MSI\Desktop\FinanceProjects\NLP_AlphaGeneration\data\raw\sec\filings\GOOGL\2017-07-25_10-Q_000165204417000026.htm
GOOGL,Alphabet Inc.,1652044,0001652044,10-Q,2017-10-27,2017-09-30,2017-10-26T21:49:09.000Z,0001652044-17-000042,goog10-qq32017.htm,https://www.sec.gov/Archives/edgar/data/1652044/000165204417000042/goog10-qq32017.htm,C:\Users\MSI\Desktop\FinanceProjects\NLP_AlphaGeneration\data\raw\sec\filings\GOOGL\2017-10-27_10-Q_000165204417000042.htm
GOOGL,Alphabet Inc.,1652044,0001652044,10-K,2018-02-06,2017-12-31,2018-02-06T01:46:29.000Z,0001652044-18-000007,goog10-kq42017.htm,https://www.sec.gov/Archives/edgar/data/1652044/000165204418000007/goog10-kq42017.htm,C:\Users\MSI\Desktop\FinanceProjects\NLP_AlphaGeneration\data\raw\sec\filings\GOOGL\2018-02-06_10-K_000165204418000007.htm
GOOGL,Alphabet Inc.,1652044,0001652044,10-Q,2018-04-24,2018-03-31,2018-04-23T22:54:51.000Z,0001652044-18-000016,goog10-qq12018.htm,https://www.sec.gov/Archives/edgar/data/1652044/000165204418000016/goog10-qq12018.htm,C:\Users\MSI\Desktop\FinanceProjects\NLP_AlphaGeneration\data\raw\sec\filings\GOOGL\2018-04-24_10-Q_000165204418000016.htm
GOOGL,Alphabet Inc.,1652044,0001652044,10-Q,2018-07-24,2018-06-30,2018-07-24T01:02:56.000Z,0001652044-18-000027,goog10-qq22018.htm,https://www.sec.gov/Archives/edgar/data/1652044/000165204418000027/goog10-qq22018.htm,C:\Users\MSI\Desktop\FinanceProjects\NLP_AlphaGeneration\data\raw\sec\filings\GOOGL\2018-07-24_10-Q_000165204418000027.htm
GOOGL,Alphabet Inc.,1652044,0001652044,10-Q,2018-10-26,2018-09-30,2018-10-25T21:41:36.000Z,0001652044-18-000035,goog10-qq32018.htm,https://www.sec.gov/Archives/edgar/data/1652044/000165204418000035/goog10-qq32018.htm,C:\Users\MSI\Desktop\FinanceProjects\NLP_AlphaGeneration\data\raw\sec\filings\GOOGL\2018-10-26_10-Q_000165204418000035.htm
GOOGL,Alphabet Inc.,1652044,0001652044,10-K,2019-02-05,2018-12-31,2019-02-05T02:06:38.000Z,0001652044-19-000004,goog10-kq42018.htm,https://www.sec.gov/Archives/edgar/data/1652044/000165204419000004/goog10-kq42018.htm,C:\Users\MSI\Desktop\FinanceProjects\NLP_AlphaGeneration\data\raw\sec\filings\GOOGL\2019-02-05_10-K_000165204419000004.htm
GOOGL,Alphabet Inc.,1652044,0001652044,10-Q,2019-04-30,2019-03-31,2019-04-29T23:32:43.000Z,0001652044-19-000015,goog10-qq12019.htm,https://www.sec.gov/Archives/edgar/data/1652044/000165204419000015/goog10-qq12019.htm,C:\Users\MSI\Desktop\FinanceProjects\NLP_AlphaGeneration\data\raw\sec\filings\GOOGL\2019-04-30_10-Q_000165204419000015.htm
GOOGL,Alphabet Inc.,1652044,0001652044,10-Q,2019-07-26,2019-06-30,2019-07-25T22:11:13.000Z,0001652044-19-000023,goog10-qq22019.htm,https://www.sec.gov/Archives/edgar/data/1652044/000165204419000023/goog10-qq22019.htm,C:\Users\MSI\Desktop\FinanceProjects\NLP_AlphaGeneration\data\raw\sec\filings\GOOGL\2019-07-26_10-Q_000165204419000023.htm
GOOGL,Alphabet Inc.,1652044,0001652044,10-Q,2019-10-29,2019-09-30,2019-10-28T23:02:44.000Z,0001652044-19-000032,goog10-qq32019.htm,https://www.sec.gov/Archives/edgar/data/1652044/000165204419000032/goog10-qq32019.htm,C:\Users\MSI\Desktop\FinanceProjects\NLP_AlphaGeneration\data\raw\sec\filings\GOOGL\2019-10-29_10-Q_000165204419000032.htm
GOOGL,Alphabet Inc.,1652044,0001652044,10-K,2020-02-04,2019-12-31,2020-02-04T02:03:59.000Z,0001652044-20-000008,goog10-k2019.htm,https://www.sec.gov/Archives/edgar/data/1652044/000165204420000008/goog10-k2019.htm,C:\Users\MSI\Desktop\FinanceProjects\NLP_AlphaGeneration\data\raw\sec\filings\GOOGL\2020-02-04_10-K_000165204420000008.htm
GOOGL,Alphabet Inc.,1652044,0001652044,10-Q,2020-04-29,2020-03-31,2020-04-28T22:52:33.000Z,0001652044-20-000021,goog-20200331.htm,https://www.sec.gov/Archives/edgar/data/1652044/000165204420000021/goog-20200331.htm,C:\Users\MSI\Desktop\FinanceProjects\NLP_AlphaGeneration\data\raw\sec\filings\GOOGL\2020-04-29_10-Q_000165204420000021.htm
GOOGL,Alphabet Inc.,1652044,0001652044,10-Q,2020-07-31,2020-06-30,2020-07-30T23:57:55.000Z,0001652044-20-000032,goog-20200630.htm,https://www.sec.gov/Archives/edgar/data/1652044/000165204420000032/goog-20200630.htm,C:\Users\MSI\Desktop\FinanceProjects\NLP_AlphaGeneration\data\raw\sec\filings\GOOGL\2020-07-31_10-Q_000165204420000032.htm
GOOGL,Alphabet Inc.,1652044,0001652044,10-Q,2020-10-30,2020-09-30,2020-10-29T23:30:04.000Z,0001652044-20-000050,goog-20200930.htm,https://www.sec.gov/Archives/edgar/data/1652044/000165204420000050/goog-20200930.htm,C:\Users\MSI\Desktop\FinanceProjects\NLP_AlphaGeneration\data\raw\sec\filings\GOOGL\2020-10-30_10-Q_000165204420000050.htm
GOOGL,Alphabet Inc.,1652044,0001652044,10-K,2021-02-03,2020-12-31,2021-02-03T01:12:25.000Z,0001652044-21-000010,goog-20201231.htm,https://www.sec.gov/Archives/edgar/data/1652044/000165204421000010/goog-20201231.htm,C:\Users\MSI\Desktop\FinanceProjects\NLP_AlphaGeneration\data\raw\sec\filings\GOOGL\2021-02-03_10-K_000165204421000010.htm
GOOGL,Alphabet Inc.,1652044,0001652044,10-Q,2021-04-28,2021-03-31,2021-04-27T23:17:57.000Z,0001652044-21-000020,goog-20210331.htm,https://www.sec.gov/Archives/edgar/data/1652044/000165204421000020/goog-20210331.htm,C:\Users\MSI\Desktop\FinanceProjects\NLP_AlphaGeneration\data\raw\sec\filings\GOOGL\2021-04-28_10-Q_000165204421000020.htm
GOOGL,Alphabet Inc.,1652044,0001652044,10-Q,2021-07-28,2021-06-30,2021-07-28T00:16:30.000Z,0001652044-21-000047,goog-20210630.htm,https://www.sec.gov/Archives/edgar/data/1652044/000165204421000047/goog-20210630.htm,C:\Users\MSI\Desktop\FinanceProjects\NLP_AlphaGeneration\data\raw\sec\filings\GOOGL\2021-07-28_10-Q_000165204421000047.htm
GOOGL,Alphabet Inc.,1652044,0001652044,10-Q,2021-10-27,2021-09-30,2021-10-26T23:47:06.000Z,0001652044-21-000057,goog-20210930.htm,https://www.sec.gov/Archives/edgar/data/1652044/000165204421000057/goog-20210930.htm,C:\Users\MSI\Desktop\FinanceProjects\NLP_AlphaGeneration\data\raw\sec\filings\GOOGL\2021-10-27_10-Q_000165204421000057.htm
GOOGL,Alphabet Inc.,1652044,0001652044,10-K,2022-02-02,2021-12-31,2022-02-02T02:08:02.000Z,0001652044-22-000019,goog-20211231.htm,https://www.sec.gov/Archives/edgar/data/1652044/000165204422000019/goog-20211231.htm,C:\Users\MSI\Desktop\FinanceProjects\NLP_AlphaGeneration\data\raw\sec\filings\GOOGL\2022-02-02_10-K_000165204422000019.htm
GOOGL,Alphabet Inc.,1652044,0001652044,10-Q,2022-04-27,2022-03-31,2022-04-27T00:51:20.000Z,0001652044-22-000029,goog-20220331.htm,https://www.sec.gov/Archives/edgar/data/1652044/000165204422000029/goog-20220331.htm,C:\Users\MSI\Desktop\FinanceProjects\NLP_AlphaGeneration\data\raw\sec\filings\GOOGL\2022-04-27_10-Q_000165204422000029.htm
GOOGL,Alphabet Inc.,1652044,0001652044,10-Q,2022-07-27,2022-06-30,2022-07-26T23:29:36.000Z,0001652044-22-000071,goog-20220630.htm,https://www.sec.gov/Archives/edgar/data/1652044/000165204422000071/goog-20220630.htm,C:\Users\MSI\Desktop\FinanceProjects\NLP_AlphaGeneration\data\raw\sec\filings\GOOGL\2022-07-27_10-Q_000165204422000071.htm
GOOGL,Alphabet Inc.,1652044,0001652044,10-Q,2022-10-26,2022-09-30,2022-10-26T01:32:59.000Z,0001652044-22-000090,goog-20220930.htm,https://www.sec.gov/Archives/edgar/data/1652044/000165204422000090/goog-20220930.htm,C:\Users\MSI\Desktop\FinanceProjects\NLP_AlphaGeneration\data\raw\sec\filings\GOOGL\2022-10-26_10-Q_000165204422000090.htm
GOOGL,Alphabet Inc.,1652044,0001652044,10-K,2023-02-03,2022-12-31,2023-02-03T02:23:45.000Z,0001652044-23-000016,goog-20221231.htm,https://www.sec.gov/Archives/edgar/data/1652044/000165204423000016/goog-20221231.htm,C:\Users\MSI\Desktop\FinanceProjects\NLP_AlphaGeneration\data\raw\sec\filings\GOOGL\2023-02-03_10-K_000165204423000016.htm
GOOGL,Alphabet Inc.,1652044,0001652044,10-Q,2023-04-26,2023-03-31,2023-04-26T00:15:00.000Z,0001652044-23-000045,goog-20230331.htm,https://www.sec.gov/Archives/edgar/data/1652044/000165204423000045/goog-20230331.htm,C:\Users\MSI\Desktop\FinanceProjects\NLP_AlphaGeneration\data\raw\sec\filings\GOOGL\2023-04-26_10-Q_000165204423000045.htm
GOOGL,Alphabet Inc.,1652044,0001652044,10-Q,2023-07-26,2023-06-30,2023-07-25T23:13:26.000Z,0001652044-23-000070,goog-20230630.htm,https://www.sec.gov/Archives/edgar/data/1652044/000165204423000070/goog-20230630.htm,C:\Users\MSI\Desktop\FinanceProjects\NLP_AlphaGeneration\data\raw\sec\filings\GOOGL\2023-07-26_10-Q_000165204423000070.htm
GOOGL,Alphabet Inc.,1652044,0001652044,10-Q,2023-10-25,2023-09-30,2023-10-24T22:39:13.000Z,0001652044-23-000094,goog-20230930.htm,https://www.sec.gov/Archives/edgar/data/1652044/000165204423000094/goog-20230930.htm,C:\Users\MSI\Desktop\FinanceProjects\NLP_AlphaGeneration\data\raw\sec\filings\GOOGL\2023-10-25_10-Q_000165204423000094.htm
GOOGL,Alphabet Inc.,1652044,0001652044,10-K,2024-01-31,2023-12-31,2024-01-31T02:43:43.000Z,0001652044-24-000022,goog-20231231.htm,https://www.sec.gov/Archives/edgar/data/1652044/000165204424000022/goog-20231231.htm,C:\Users\MSI\Desktop\FinanceProjects\NLP_AlphaGeneration\data\raw\sec\filings\GOOGL\2024-01-31_10-K_000165204424000022.htm
GOOGL,Alphabet Inc.,1652044,0001652044,10-Q,2024-04-26,2024-03-31,2024-04-26T00:22:11.000Z,0001652044-24-000053,goog-20240331.htm,https://www.sec.gov/Archives/edgar/data/1652044/000165204424000053/goog-20240331.htm,C:\Users\MSI\Desktop\FinanceProjects\NLP_AlphaGeneration\data\raw\sec\filings\GOOGL\2024-04-26_10-Q_000165204424000053.htm
GOOGL,Alphabet Inc.,1652044,0001652044,10-Q,2024-07-24,2024-06-30,2024-07-23T23:12:07.000Z,0001652044-24-000079,goog-20240630.htm,https://www.sec.gov/Archives/edgar/data/1652044/000165204424000079/goog-20240630.htm,C:\Users\MSI\Desktop\FinanceProjects\NLP_AlphaGeneration\data\raw\sec\filings\GOOGL\2024-07-24_10-Q_000165204424000079.htm
GOOGL,Alphabet Inc.,1652044,0001652044,10-Q,2024-10-30,2024-09-30,2024-10-29T23:33:10.000Z,0001652044-24-000118,goog-20240930.htm,https://www.sec.gov/Archives/edgar/data/1652044/000165204424000118/goog-20240930.htm,C:\Users\MSI\Desktop\FinanceProjects\NLP_AlphaGeneration\data\raw\sec\filings\GOOGL\2024-10-30_10-Q_000165204424000118.htm
GOOGL,Alphabet Inc.,1652044,0001652044,10-K,2025-02-05,2024-12-31,2025-02-05T01:41:40.000Z,0001652044-25-000014,goog-20241231.htm,https://www.sec.gov/Archives/edgar/data/1652044/000165204425000014/goog-20241231.htm,C:\Users\MSI\Desktop\FinanceProjects\NLP_AlphaGeneration\data\raw\sec\filings\GOOGL\2025-02-05_10-K_000165204425000014.htm
GOOGL,Alphabet Inc.,1652044,0001652044,10-Q,2025-04-25,2025-03-31,2025-04-25T01:05:29.000Z,0001652044-25-000043,goog-20250331.htm,https://www.sec.gov/Archives/edgar/data/1652044/000165204425000043/goog-20250331.htm,C:\Users\MSI\Desktop\FinanceProjects\NLP_AlphaGeneration\data\raw\sec\filings\GOOGL\2025-04-25_10-Q_000165204425000043.htm
GOOGL,Alphabet Inc.,1652044,0001652044,10-Q,2025-07-24,2025-06-30,2025-07-23T23:44:01.000Z,0001652044-25-000062,goog-20250630.htm,https://www.sec.gov/Archives/edgar/data/1652044/000165204425000062/goog-20250630.htm,C:\Users\MSI\Desktop\FinanceProjects\NLP_AlphaGeneration\data\raw\sec\filings\GOOGL\2025-07-24_10-Q_000165204425000062.htm
GOOGL,Alphabet Inc.,1652044,0001652044,10-Q,2025-10-30,2025-09-30,2025-10-30T01:55:01.000Z,0001652044-25-000091,goog-20250930.htm,https://www.sec.gov/Archives/edgar/data/1652044/000165204425000091/goog-20250930.htm,C:\Users\MSI\Desktop\FinanceProjects\NLP_AlphaGeneration\data\raw\sec\filings\GOOGL\2025-10-30_10-Q_000165204425000091.htm
GOOGL,Alphabet Inc.,1652044,0001652044,10-K,2026-02-05,2025-12-31,2026-02-05T02:56:03.000Z,0001652044-26-000018,goog-20251231.htm,https://www.sec.gov/Archives/edgar/data/1652044/000165204426000018/goog-20251231.htm,C:\Users\MSI\Desktop\FinanceProjects\NLP_AlphaGeneration\data\raw\sec\filings\GOOGL\2026-02-05_10-K_000165204426000018.htm
GOOGL,Alphabet Inc.,1652044,0001652044,10-Q,2026-04-30,2026-03-31,2026-04-30T01:02:11.000Z,0001652044-26-000048,goog-20260331.htm,https://www.sec.gov/Archives/edgar/data/1652044/000165204426000048/goog-20260331.htm,C:\Users\MSI\Desktop\FinanceProjects\NLP_AlphaGeneration\data\raw\sec\filings\GOOGL\2026-04-30_10-Q_000165204426000048.htm
GOOGL,Alphabet Inc.,1652044,0001652044,10-Q,2026-07-23,2026-06-30,2026-07-23T01:15:54.000Z,0001652044-26-000071,goog-20260630.htm,https://www.sec.gov/Archives/edgar/data/1652044/000165204426000071/goog-20260630.htm,C:\Users\MSI\Desktop\FinanceProjects\NLP_AlphaGeneration\data\raw\sec\filings\GOOGL\2026-07-23_10-Q_000165204426000071.htm
JPM,JPMORGAN CHASE & CO,19617,0000019617,10-K,2015-02-24,2014-12-31,2015-02-24T21:04:18.000Z,0000019617-15-000272,corp10k2014.htm,https://www.sec.gov/Archives/edgar/data/19617/000001961715000272/corp10k2014.htm,C:\Users\MSI\Desktop\FinanceProjects\NLP_AlphaGeneration\data\raw\sec\filings\JPM\2015-02-24_10-K_000001961715000272.htm
JPM,JPMORGAN CHASE & CO,19617,0000019617,10-Q,2015-05-05,2015-03-31,2015-05-05T20:08:04.000Z,0000019617-15-000318,corpq12015.htm,https://www.sec.gov/Archives/edgar/data/19617/000001961715000318/corpq12015.htm,C:\Users\MSI\Desktop\FinanceProjects\NLP_AlphaGeneration\data\raw\sec\filings\JPM\2015-05-05_10-Q_000001961715000318.htm
JPM,JPMORGAN CHASE & CO,19617,0000019617,10-Q,2015-08-03,2015-06-30,2015-08-03T20:03:18.000Z,0000019617-15-000367,corpq22015.htm,https://www.sec.gov/Archives/edgar/data/19617/000001961715000367/corpq22015.htm,C:\Users\MSI\Desktop\FinanceProjects\NLP_AlphaGeneration\data\raw\sec\filings\JPM\2015-08-03_10-Q_000001961715000367.htm
JPM,JPMORGAN CHASE & CO,19617,0000019617,10-Q,2015-11-02,2015-09-30,2015-11-02T21:21:11.000Z,0000019617-15-000464,corpq32015.htm,https://www.sec.gov/Archives/edgar/data/19617/000001961715000464/corpq32015.htm,C:\Users\MSI\Desktop\FinanceProjects\NLP_AlphaGeneration\data\raw\sec\filings\JPM\2015-11-02_10-Q_000001961715000464.htm
JPM,JPMORGAN CHASE & CO,19617,0000019617,10-K,2016-02-23,2015-12-31,2016-02-23T21:17:46.000Z,0000019617-16-000902,corp10k2015.htm,https://www.sec.gov/Archives/edgar/data/19617/000001961716000902/corp10k2015.htm,C:\Users\MSI\Desktop\FinanceProjects\NLP_AlphaGeneration\data\raw\sec\filings\JPM\2016-02-23_10-K_000001961716000902.htm
JPM,JPMORGAN CHASE & CO,19617,0000019617,10-Q,2016-04-29,2016-03-31,2016-04-29T20:18:25.000Z,0000019617-16-000960,corpq12016.htm,https://www.sec.gov/Archives/edgar/data/19617/000001961716000960/corpq12016.htm,C:\Users\MSI\Desktop\FinanceProjects\NLP_AlphaGeneration\data\raw\sec\filings\JPM\2016-04-29_10-Q_000001961716000960.htm
JPM,JPMORGAN CHASE & CO,19617,0000019617,10-Q,2016-08-03,2016-06-30,2016-08-03T20:15:34.000Z,0000019617-16-001056,corpq22016.htm,https://www.sec.gov/Archives/edgar/data/19617/000001961716001056/corpq22016.htm,C:\Users\MSI\Desktop\FinanceProjects\NLP_AlphaGeneration\data\raw\sec\filings\JPM\2016-08-03_10-Q_000001961716001056.htm
JPM,JPMORGAN CHASE & CO,19617,0000019617,10-Q,2016-11-01,2016-09-30,2016-11-01T20:19:05.000Z,0000019617-16-001150,corpq32016.htm,https://www.sec.gov/Archives/edgar/data/19617/000001961716001150/corpq32016.htm,C:\Users\MSI\Desktop\FinanceProjects\NLP_AlphaGeneration\data\raw\sec\filings\JPM\2016-11-01_10-Q_000001961716001150.htm
JPM,JPMORGAN CHASE & CO,19617,0000019617,10-K,2017-02-28,2016-12-31,2017-02-28T21:23:41.000Z,0000019617-17-000314,corp10k2016.htm,https://www.sec.gov/Archives/edgar/data/19617/000001961717000314/corp10k2016.htm,C:\Users\MSI\Desktop\FinanceProjects\NLP_AlphaGeneration\data\raw\sec\filings\JPM\2017-02-28_10-K_000001961717000314.htm
JPM,JPMORGAN CHASE & CO,19617,0000019617,10-Q,2017-05-02,2017-03-31,2017-05-02T20:15:49.000Z,0000019617-17-000364,corpq12017.htm,https://www.sec.gov/Archives/edgar/data/19617/000001961717000364/corpq12017.htm,C:\Users\MSI\Desktop\FinanceProjects\NLP_AlphaGeneration\data\raw\sec\filings\JPM\2017-05-02_10-Q_000001961717000364.htm
JPM,JPMORGAN CHASE & CO,19617,0000019617,10-Q,2017-08-02,2017-06-30,2017-08-02T20:22:16.000Z,0000019617-17-000486,corpq22017.htm,https://www.sec.gov/Archives/edgar/data/19617/000001961717000486/corpq22017.htm,C:\Users\MSI\Desktop\FinanceProjects\NLP_AlphaGeneration\data\raw\sec\filings\JPM\2017-08-02_10-Q_000001961717000486.htm
JPM,JPMORGAN CHASE & CO,19617,0000019617,10-Q,2017-11-01,2017-09-30,2017-11-01T20:36:54.000Z,0000019617-17-000552,corpq32017.htm,https://www.sec.gov/Archives/edgar/data/19617/000001961717000552/corpq32017.htm,C:\Users\MSI\Desktop\FinanceProjects\NLP_AlphaGeneration\data\raw\sec\filings\JPM\2017-11-01_10-Q_000001961717000552.htm
JPM,JPMORGAN CHASE & CO,19617,0000019617,10-K,2018-02-27,2017-12-31,2018-02-27T21:23:03.000Z,0000019617-18-000057,corp10k2017.htm,https://www.sec.gov/Archives/edgar/data/19617/000001961718000057/corp10k2017.htm,C:\Users\MSI\Desktop\FinanceProjects\NLP_AlphaGeneration\data\raw\sec\filings\JPM\2018-02-27_10-K_000001961718000057.htm
JPM,JPMORGAN CHASE & CO,19617,0000019617,10-Q,2018-05-02,2018-03-31,2018-05-02T20:20:20.000Z,0000019617-18-000092,corpq12018.htm,https://www.sec.gov/Archives/edgar/data/19617/000001961718000092/corpq12018.htm,C:\Users\MSI\Desktop\FinanceProjects\NLP_AlphaGeneration\data\raw\sec\filings\JPM\2018-05-02_10-Q_000001961718000092.htm
JPM,JPMORGAN CHASE & CO,19617,0000019617,10-Q,2018-08-01,2018-06-30,2018-08-01T20:49:36.000Z,0000019617-18-000151,corpq22018.htm,https://www.sec.gov/Archives/edgar/data/19617/000001961718000151/corpq22018.htm,C:\Users\MSI\Desktop\FinanceProjects\NLP_AlphaGeneration\data\raw\sec\filings\JPM\2018-08-01_10-Q_000001961718000151.htm
JPM,JPMORGAN CHASE & CO,19617,0000019617,10-Q,2018-10-31,2018-09-30,2018-10-31T20:35:41.000Z,0000019617-18-000206,corpq32018.htm,https://www.sec.gov/Archives/edgar/data/19617/000001961718000206/corpq32018.htm,C:\Users\MSI\Desktop\FinanceProjects\NLP_AlphaGeneration\data\raw\sec\filings\JPM\2018-10-31_10-Q_000001961718000206.htm
JPM,JPMORGAN CHASE & CO,19617,0000019617,10-K,2019-02-26,2018-12-31,2019-02-26T21:57:25.000Z,0000019617-19-000054,corp10k2018.htm,https://www.sec.gov/Archives/edgar/data/19617/000001961719000054/corp10k2018.htm,C:\Users\MSI\Desktop\FinanceProjects\NLP_AlphaGeneration\data\raw\sec\filings\JPM\2019-02-26_10-K_000001961719000054.htm
JPM,JPMORGAN CHASE & CO,19617,0000019617,10-Q,2019-05-02,2019-03-31,2019-05-02T20:35:55.000Z,0000019617-19-000067,corpq12019.htm,https://www.sec.gov/Archives/edgar/data/19617/000001961719000067/corpq12019.htm,C:\Users\MSI\Desktop\FinanceProjects\NLP_AlphaGeneration\data\raw\sec\filings\JPM\2019-05-02_10-Q_000001961719000067.htm
JPM,JPMORGAN CHASE & CO,19617,0000019617,10-Q,2019-08-06,2019-06-30,2019-08-05T22:19:56.000Z,0000019617-19-000127,corpq22019.htm,https://www.sec.gov/Archives/edgar/data/19617/000001961719000127/corpq22019.htm,C:\Users\MSI\Desktop\FinanceProjects\NLP_AlphaGeneration\data\raw\sec\filings\JPM\2019-08-06_10-Q_000001961719000127.htm
JPM,JPMORGAN CHASE & CO,19617,0000019617,10-Q,2019-11-04,2019-09-30,2019-11-04T21:24:10.000Z,0000019617-19-000232,corpq32019.htm,https://www.sec.gov/Archives/edgar/data/19617/000001961719000232/corpq32019.htm,C:\Users\MSI\Desktop\FinanceProjects\NLP_AlphaGeneration\data\raw\sec\filings\JPM\2019-11-04_10-Q_000001961719000232.htm
JPM,JPMORGAN CHASE & CO,19617,0000019617,10-K,2020-02-25,2019-12-31,2020-02-25T21:31:02.000Z,0000019617-20-000257,corp10k2019.htm,https://www.sec.gov/Archives/edgar/data/19617/000001961720000257/corp10k2019.htm,C:\Users\MSI\Desktop\FinanceProjects\NLP_AlphaGeneration\data\raw\sec\filings\JPM\2020-02-25_10-K_000001961720000257.htm
JPM,JPMORGAN CHASE & CO,19617,0000019617,10-Q,2020-05-07,2020-03-31,2020-05-07T20:37:43.000Z,0000019617-20-000299,corpq12020.htm,https://www.sec.gov/Archives/edgar/data/19617/000001961720000299/corpq12020.htm,C:\Users\MSI\Desktop\FinanceProjects\NLP_AlphaGeneration\data\raw\sec\filings\JPM\2020-05-07_10-Q_000001961720000299.htm
JPM,JPMORGAN CHASE & CO,19617,0000019617,10-Q,2020-08-03,2020-06-30,2020-08-03T20:13:32.000Z,0000019617-20-000372,corpq22020.htm,https://www.sec.gov/Archives/edgar/data/19617/000001961720000372/corpq22020.htm,C:\Users\MSI\Desktop\FinanceProjects\NLP_AlphaGeneration\data\raw\sec\filings\JPM\2020-08-03_10-Q_000001961720000372.htm
JPM,JPMORGAN CHASE & CO,19617,0000019617,10-Q,2020-11-02,2020-09-30,2020-11-02T21:23:19.000Z,0000019617-20-000438,jpm-20200930.htm,https://www.sec.gov/Archives/edgar/data/19617/000001961720000438/jpm-20200930.htm,C:\Users\MSI\Desktop\FinanceProjects\NLP_AlphaGeneration\data\raw\sec\filings\JPM\2020-11-02_10-Q_000001961720000438.htm
JPM,JPMORGAN CHASE & CO,19617,0000019617,10-K,2021-02-23,2020-12-31,2021-02-23T21:17:29.000Z,0000019617-21-000236,jpm-20201231.htm,https://www.sec.gov/Archives/edgar/data/19617/000001961721000236/jpm-20201231.htm,C:\Users\MSI\Desktop\FinanceProjects\NLP_AlphaGeneration\data\raw\sec\filings\JPM\2021-02-23_10-K_000001961721000236.htm
JPM,JPMORGAN CHASE & CO,19617,0000019617,10-Q,2021-05-04,2021-03-31,2021-05-04T20:17:30.000Z,0000019617-21-000292,jpm-20210331.htm,https://www.sec.gov/Archives/edgar/data/19617/000001961721000292/jpm-20210331.htm,C:\Users\MSI\Desktop\FinanceProjects\NLP_AlphaGeneration\data\raw\sec\filings\JPM\2021-05-04_10-Q_000001961721000292.htm
JPM,JPMORGAN CHASE & CO,19617,0000019617,10-Q,2021-08-02,2021-06-30,2021-08-02T20:12:31.000Z,0000019617-21-000373,jpm-20210630.htm,https://www.sec.gov/Archives/edgar/data/19617/000001961721000373/jpm-20210630.htm,C:\Users\MSI\Desktop\FinanceProjects\NLP_AlphaGeneration\data\raw\sec\filings\JPM\2021-08-02_10-Q_000001961721000373.htm
JPM,JPMORGAN CHASE & CO,19617,0000019617,10-Q,2021-11-02,2021-09-30,2021-11-02T20:10:39.000Z,0000019617-21-000458,jpm-20210930.htm,https://www.sec.gov/Archives/edgar/data/19617/000001961721000458/jpm-20210930.htm,C:\Users\MSI\Desktop\FinanceProjects\NLP_AlphaGeneration\data\raw\sec\filings\JPM\2021-11-02_10-Q_000001961721000458.htm
JPM,JPMORGAN CHASE & CO,19617,0000019617,10-K,2022-02-22,2021-12-31,2022-02-22T21:56:31.000Z,0000019617-22-000272,jpm-20211231.htm,https://www.sec.gov/Archives/edgar/data/19617/000001961722000272/jpm-20211231.htm,C:\Users\MSI\Desktop\FinanceProjects\NLP_AlphaGeneration\data\raw\sec\filings\JPM\2022-02-22_10-K_000001961722000272.htm
JPM,JPMORGAN CHASE & CO,19617,0000019617,10-Q,2022-05-03,2022-03-31,2022-05-03T20:13:30.000Z,0000019617-22-000319,jpm-20220331.htm,https://www.sec.gov/Archives/edgar/data/19617/000001961722000319/jpm-20220331.htm,C:\Users\MSI\Desktop\FinanceProjects\NLP_AlphaGeneration\data\raw\sec\filings\JPM\2022-05-03_10-Q_000001961722000319.htm
JPM,JPMORGAN CHASE & CO,19617,0000019617,10-Q,2022-08-03,2022-06-30,2022-08-03T20:13:24.000Z,0000019617-22-000422,jpm-20220630.htm,https://www.sec.gov/Archives/edgar/data/19617/000001961722000422/jpm-20220630.htm,C:\Users\MSI\Desktop\FinanceProjects\NLP_AlphaGeneration\data\raw\sec\filings\JPM\2022-08-03_10-Q_000001961722000422.htm
JPM,JPMORGAN CHASE & CO,19617,0000019617,10-Q,2022-11-03,2022-09-30,2022-11-03T20:13:37.000Z,0000019617-22-000492,jpm-20220930.htm,https://www.sec.gov/Archives/edgar/data/19617/000001961722000492/jpm-20220930.htm,C:\Users\MSI\Desktop\FinanceProjects\NLP_AlphaGeneration\data\raw\sec\filings\JPM\2022-11-03_10-Q_000001961722000492.htm
JPM,JPMORGAN CHASE & CO,19617,0000019617,10-K,2023-02-21,2022-12-31,2023-02-21T21:13:55.000Z,0000019617-23-000231,jpm-20221231.htm,https://www.sec.gov/Archives/edgar/data/19617/000001961723000231/jpm-20221231.htm,C:\Users\MSI\Desktop\FinanceProjects\NLP_AlphaGeneration\data\raw\sec\filings\JPM\2023-02-21_10-K_000001961723000231.htm
JPM,JPMORGAN CHASE & CO,19617,0000019617,10-Q,2023-05-03,2023-03-31,2023-05-03T20:10:19.000Z,0000019617-23-000310,jpm-20230331.htm,https://www.sec.gov/Archives/edgar/data/19617/000001961723000310/jpm-20230331.htm,C:\Users\MSI\Desktop\FinanceProjects\NLP_AlphaGeneration\data\raw\sec\filings\JPM\2023-05-03_10-Q_000001961723000310.htm
JPM,JPMORGAN CHASE & CO,19617,0000019617,10-Q,2023-08-03,2023-06-30,2023-08-03T20:41:34.000Z,0000019617-23-000432,jpm-20230630.htm,https://www.sec.gov/Archives/edgar/data/19617/000001961723000432/jpm-20230630.htm,C:\Users\MSI\Desktop\FinanceProjects\NLP_AlphaGeneration\data\raw\sec\filings\JPM\2023-08-03_10-Q_000001961723000432.htm
JPM,JPMORGAN CHASE & CO,19617,0000019617,10-Q,2023-11-01,2023-09-30,2023-11-01T20:29:55.000Z,0000019617-23-000524,jpm-20230930.htm,https://www.sec.gov/Archives/edgar/data/19617/000001961723000524/jpm-20230930.htm,C:\Users\MSI\Desktop\FinanceProjects\NLP_AlphaGeneration\data\raw\sec\filings\JPM\2023-11-01_10-Q_000001961723000524.htm
JPM,JPMORGAN CHASE & CO,19617,0000019617,10-K,2024-02-16,2023-12-31,2024-02-16T21:20:22.000Z,0000019617-24-000225,jpm-20231231.htm,https://www.sec.gov/Archives/edgar/data/19617/000001961724000225/jpm-20231231.htm,C:\Users\MSI\Desktop\FinanceProjects\NLP_AlphaGeneration\data\raw\sec\filings\JPM\2024-02-16_10-K_000001961724000225.htm
JPM,JPMORGAN CHASE & CO,19617,0000019617,10-Q,2024-05-01,2024-03-31,2024-05-01T20:18:10.000Z,0000019617-24-000326,jpm-20240331.htm,https://www.sec.gov/Archives/edgar/data/19617/000001961724000326/jpm-20240331.htm,C:\Users\MSI\Desktop\FinanceProjects\NLP_AlphaGeneration\data\raw\sec\filings\JPM\2024-05-01_10-Q_000001961724000326.htm
JPM,JPMORGAN CHASE & CO,19617,0000019617,10-Q,2024-08-02,2024-06-30,2024-08-02T20:18:48.000Z,0000019617-24-000453,jpm-20240630.htm,https://www.sec.gov/Archives/edgar/data/19617/000001961724000453/jpm-20240630.htm,C:\Users\MSI\Desktop\FinanceProjects\NLP_AlphaGeneration\data\raw\sec\filings\JPM\2024-08-02_10-Q_000001961724000453.htm
JPM,JPMORGAN CHASE & CO,19617,0000019617,10-Q,2024-10-30,2024-09-30,2024-10-30T20:18:49.000Z,0000019617-24-000611,jpm-20240930.htm,https://www.sec.gov/Archives/edgar/data/19617/000001961724000611/jpm-20240930.htm,C:\Users\MSI\Desktop\FinanceProjects\NLP_AlphaGeneration\data\raw\sec\filings\JPM\2024-10-30_10-Q_000001961724000611.htm
JPM,JPMORGAN CHASE & CO,19617,0000019617,10-K,2025-02-14,2024-12-31,2025-02-14T21:17:07.000Z,0000019617-25-000270,jpm-20241231.htm,https://www.sec.gov/Archives/edgar/data/19617/000001961725000270/jpm-20241231.htm,C:\Users\MSI\Desktop\FinanceProjects\NLP_AlphaGeneration\data\raw\sec\filings\JPM\2025-02-14_10-K_000001961725000270.htm
JPM,JPMORGAN CHASE & CO,19617,0000019617,10-Q,2025-05-01,2025-03-31,2025-05-01T20:16:56.000Z,0000019617-25-000421,jpm-20250331.htm,https://www.sec.gov/Archives/edgar/data/19617/000001961725000421/jpm-20250331.htm,C:\Users\MSI\Desktop\FinanceProjects\NLP_AlphaGeneration\data\raw\sec\filings\JPM\2025-05-01_10-Q_000001961725000421.htm
JPM,JPMORGAN CHASE & CO,19617,0000019617,10-Q,2025-08-05,2025-06-30,2025-08-05T20:18:22.000Z,0000019617-25-000615,jpm-20250630.htm,https://www.sec.gov/Archives/edgar/data/19617/000001961725000615/jpm-20250630.htm,C:\Users\MSI\Desktop\FinanceProjects\NLP_AlphaGeneration\data\raw\sec\filings\JPM\2025-08-05_10-Q_000001961725000615.htm
JPM,JPMORGAN CHASE & CO,19617,0000019617,10-Q,2025-11-04,2025-09-30,2025-11-04T21:18:08.000Z,0001628280-25-048859,jpm-20250930.htm,https://www.sec.gov/Archives/edgar/data/19617/000162828025048859/jpm-20250930.htm,C:\Users\MSI\Desktop\FinanceProjects\NLP_AlphaGeneration\data\raw\sec\filings\JPM\2025-11-04_10-Q_000162828025048859.htm
JPM,JPMORGAN CHASE & CO,19617,0000019617,10-K,2026-02-13,2025-12-31,2026-02-13T21:20:00.000Z,0001628280-26-008131,jpm-20251231.htm,https://www.sec.gov/Archives/edgar/data/19617/000162828026008131/jpm-20251231.htm,C:\Users\MSI\Desktop\FinanceProjects\NLP_AlphaGeneration\data\raw\sec\filings\JPM\2026-02-13_10-K_000162828026008131.htm
JPM,JPMORGAN CHASE & CO,19617,0000019617,10-Q,2026-05-01,2026-03-31,2026-05-01T20:18:43.000Z,0001628280-26-029344,jpm-20260331.htm,https://www.sec.gov/Archives/edgar/data/19617/000162828026029344/jpm-20260331.htm,C:\Users\MSI\Desktop\FinanceProjects\NLP_AlphaGeneration\data\raw\sec\filings\JPM\2026-05-01_10-Q_000162828026029344.htm
JPM,JPMORGAN CHASE & CO,19617,0000019617,10-Q,2026-08-06,2026-06-30,2026-08-06T20:19:03.000Z,0001628280-26-054343,jpm-20260630.htm,https://www.sec.gov/Archives/edgar/data/19617/000162828026054343/jpm-20260630.htm,C:\Users\MSI\Desktop\FinanceProjects\NLP_AlphaGeneration\data\raw\sec\filings\JPM\2026-08-06_10-Q_000162828026054343.htm
XOM,ExxonMobil Holdings Corp,2115436,0002115436,10-Q,2026-08-03,2026-06-30,2026-08-03T18:55:38.000Z,0000034088-26-000093,xom-20260630.htm,https://www.sec.gov/Archives/edgar/data/2115436/000003408826000093/xom-20260630.htm,C:\Users\MSI\Desktop\FinanceProjects\NLP_AlphaGeneration\data\raw\sec\filings\XOM\2026-08-03_10-Q_000003408826000093.htm
JNJ,JOHNSON & JOHNSON,200406,0000200406,10-K,2015-02-24,2014-12-28,2015-02-24T00:11:03.000Z,0000200406-15-000004,a2014122810-k.htm,https://www.sec.gov/Archives/edgar/data/200406/000020040615000004/a2014122810-k.htm,C:\Users\MSI\Desktop\FinanceProjects\NLP_AlphaGeneration\data\raw\sec\filings\JNJ\2015-02-24_10-K_000020040615000004.htm
JNJ,JOHNSON & JOHNSON,200406,0000200406,10-Q,2015-05-01,2015-03-29,2015-05-01T20:13:55.000Z,0000200406-15-000019,a1q10q3-29x15.htm,https://www.sec.gov/Archives/edgar/data/200406/000020040615000019/a1q10q3-29x15.htm,C:\Users\MSI\Desktop\FinanceProjects\NLP_AlphaGeneration\data\raw\sec\filings\JNJ\2015-05-01_10-Q_000020040615000019.htm
JNJ,JOHNSON & JOHNSON,200406,0000200406,10-Q,2015-07-31,2015-06-28,2015-07-31T20:28:56.000Z,0000200406-15-000044,a2q10q6-28x15.htm,https://www.sec.gov/Archives/edgar/data/200406/000020040615000044/a2q10q6-28x15.htm,C:\Users\MSI\Desktop\FinanceProjects\NLP_AlphaGeneration\data\raw\sec\filings\JNJ\2015-07-31_10-Q_000020040615000044.htm
JNJ,JOHNSON & JOHNSON,200406,0000200406,10-Q,2015-10-30,2015-09-27,2015-10-30T20:03:39.000Z,0000200406-15-000060,a3q10q9-27x15.htm,https://www.sec.gov/Archives/edgar/data/200406/000020040615000060/a3q10q9-27x15.htm,C:\Users\MSI\Desktop\FinanceProjects\NLP_AlphaGeneration\data\raw\sec\filings\JNJ\2015-10-30_10-Q_000020040615000060.htm
JNJ,JOHNSON & JOHNSON,200406,0000200406,10-K,2016-02-24,2016-01-03,2016-02-24T21:58:53.000Z,0000200406-16-000071,form10-k20160103.htm,https://www.sec.gov/Archives/edgar/data/200406/000020040616000071/form10-k20160103.htm,C:\Users\MSI\Desktop\FinanceProjects\NLP_AlphaGeneration\data\raw\sec\filings\JNJ\2016-02-24_10-K_000020040616000071.htm
JNJ,JOHNSON & JOHNSON,200406,0000200406,10-Q,2016-05-10,2016-04-03,2016-05-09T21:52:06.000Z,0000200406-16-000084,a1q10q4-03x16.htm,https://www.sec.gov/Archives/edgar/data/200406/000020040616000084/a1q10q4-03x16.htm,C:\Users\MSI\Desktop\FinanceProjects\NLP_AlphaGeneration\data\raw\sec\filings\JNJ\2016-05-10_10-Q_000020040616000084.htm
JNJ,JOHNSON & JOHNSON,200406,0000200406,10-Q,2016-08-04,2016-07-03,2016-08-04T20:08:40.000Z,0000200406-16-000105,a2q10q7-03x16.htm,https://www.sec.gov/Archives/edgar/data/200406/000020040616000105/a2q10q7-03x16.htm,C:\Users\MSI\Desktop\FinanceProjects\NLP_AlphaGeneration\data\raw\sec\filings\JNJ\2016-08-04_10-Q_000020040616000105.htm
JNJ,JOHNSON & JOHNSON,200406,0000200406,10-Q,2016-11-04,2016-10-02,2016-11-04T20:03:27.000Z,0000200406-16-000112,a3q10q10-02x16.htm,https://www.sec.gov/Archives/edgar/data/200406/000020040616000112/a3q10q10-02x16.htm,C:\Users\MSI\Desktop\FinanceProjects\NLP_AlphaGeneration\data\raw\sec\filings\JNJ\2016-11-04_10-Q_000020040616000112.htm
JNJ,JOHNSON & JOHNSON,200406,0000200406,10-K,2017-02-27,2017-01-01,2017-02-27T21:52:48.000Z,0000200406-17-000006,form10-k20170101.htm,https://www.sec.gov/Archives/edgar/data/200406/000020040617000006/form10-k20170101.htm,C:\Users\MSI\Desktop\FinanceProjects\NLP_AlphaGeneration\data\raw\sec\filings\JNJ\2017-02-27_10-K_000020040617000006.htm
JNJ,JOHNSON & JOHNSON,200406,0000200406,10-Q,2017-05-08,2017-04-02,2017-05-08T20:19:31.000Z,0000200406-17-000024,a1q10q04-02x17.htm,https://www.sec.gov/Archives/edgar/data/200406/000020040617000024/a1q10q04-02x17.htm,C:\Users\MSI\Desktop\FinanceProjects\NLP_AlphaGeneration\data\raw\sec\filings\JNJ\2017-05-08_10-Q_000020040617000024.htm
JNJ,JOHNSON & JOHNSON,200406,0000200406,10-Q,2017-08-03,2017-07-02,2017-08-03T20:30:16.000Z,0000200406-17-000042,a2q10q07-02x17.htm,https://www.sec.gov/Archives/edgar/data/200406/000020040617000042/a2q10q07-02x17.htm,C:\Users\MSI\Desktop\FinanceProjects\NLP_AlphaGeneration\data\raw\sec\filings\JNJ\2017-08-03_10-Q_000020040617000042.htm
JNJ,JOHNSON & JOHNSON,200406,0000200406,10-Q,2017-11-02,2017-10-01,2017-11-02T20:13:40.000Z,0000200406-17-000052,a3q10q10-01x17.htm,https://www.sec.gov/Archives/edgar/data/200406/000020040617000052/a3q10q10-01x17.htm,C:\Users\MSI\Desktop\FinanceProjects\NLP_AlphaGeneration\data\raw\sec\filings\JNJ\2017-11-02_10-Q_000020040617000052.htm
JNJ,JOHNSON & JOHNSON,200406,0000200406,10-K,2018-02-21,2017-12-31,2018-02-21T21:49:20.000Z,0000200406-18-000005,form10-k20171231.htm,https://www.sec.gov/Archives/edgar/data/200406/000020040618000005/form10-k20171231.htm,C:\Users\MSI\Desktop\FinanceProjects\NLP_AlphaGeneration\data\raw\sec\filings\JNJ\2018-02-21_10-K_000020040618000005.htm
JNJ,JOHNSON & JOHNSON,200406,0000200406,10-Q,2018-05-01,2018-04-01,2018-05-01T20:35:56.000Z,0000200406-18-000019,a1q10q04-01x18.htm,https://www.sec.gov/Archives/edgar/data/200406/000020040618000019/a1q10q04-01x18.htm,C:\Users\MSI\Desktop\FinanceProjects\NLP_AlphaGeneration\data\raw\sec\filings\JNJ\2018-05-01_10-Q_000020040618000019.htm
JNJ,JOHNSON & JOHNSON,200406,0000200406,10-Q,2018-08-02,2018-07-01,2018-08-02T00:08:32.000Z,0000200406-18-000041,a2q10q07-01x18.htm,https://www.sec.gov/Archives/edgar/data/200406/000020040618000041/a2q10q07-01x18.htm,C:\Users\MSI\Desktop\FinanceProjects\NLP_AlphaGeneration\data\raw\sec\filings\JNJ\2018-08-02_10-Q_000020040618000041.htm
JNJ,JOHNSON & JOHNSON,200406,0000200406,10-Q,2018-10-31,2018-09-30,2018-10-31T20:12:26.000Z,0000200406-18-000055,a3q10q09-30x18.htm,https://www.sec.gov/Archives/edgar/data/200406/000020040618000055/a3q10q09-30x18.htm,C:\Users\MSI\Desktop\FinanceProjects\NLP_AlphaGeneration\data\raw\sec\filings\JNJ\2018-10-31_10-Q_000020040618000055.htm
JNJ,JOHNSON & JOHNSON,200406,0000200406,10-K,2019-02-20,2018-12-30,2019-02-20T21:40:34.000Z,0000200406-19-000009,form10-k20181230.htm,https://www.sec.gov/Archives/edgar/data/200406/000020040619000009/form10-k20181230.htm,C:\Users\MSI\Desktop\FinanceProjects\NLP_AlphaGeneration\data\raw\sec\filings\JNJ\2019-02-20_10-K_000020040619000009.htm
JNJ,JOHNSON & JOHNSON,200406,0000200406,10-Q,2019-05-01,2019-03-31,2019-05-01T20:33:42.000Z,0000200406-19-000033,a1q10q03-31x19.htm,https://www.sec.gov/Archives/edgar/data/200406/000020040619000033/a1q10q03-31x19.htm,C:\Users\MSI\Desktop\FinanceProjects\NLP_AlphaGeneration\data\raw\sec\filings\JNJ\2019-05-01_10-Q_000020040619000033.htm
JNJ,JOHNSON & JOHNSON,200406,0000200406,10-Q,2019-07-29,2019-06-30,2019-07-29T20:15:43.000Z,0000200406-19-000053,a2q10q06-30x19.htm,https://www.sec.gov/Archives/edgar/data/200406/000020040619000053/a2q10q06-30x19.htm,C:\Users\MSI\Desktop\FinanceProjects\NLP_AlphaGeneration\data\raw\sec\filings\JNJ\2019-07-29_10-Q_000020040619000053.htm
JNJ,JOHNSON & JOHNSON,200406,0000200406,10-Q,2019-10-28,2019-09-29,2019-10-28T20:56:09.000Z,0000200406-19-000066,a3q10q09-29x19.htm,https://www.sec.gov/Archives/edgar/data/200406/000020040619000066/a3q10q09-29x19.htm,C:\Users\MSI\Desktop\FinanceProjects\NLP_AlphaGeneration\data\raw\sec\filings\JNJ\2019-10-28_10-Q_000020040619000066.htm
JNJ,JOHNSON & JOHNSON,200406,0000200406,10-K,2020-02-18,2019-12-29,2020-02-18T21:34:21.000Z,0000200406-20-000010,form10-k20191229.htm,https://www.sec.gov/Archives/edgar/data/200406/000020040620000010/form10-k20191229.htm,C:\Users\MSI\Desktop\FinanceProjects\NLP_AlphaGeneration\data\raw\sec\filings\JNJ\2020-02-18_10-K_000020040620000010.htm
JNJ,JOHNSON & JOHNSON,200406,0000200406,10-Q,2020-04-29,2020-03-29,2020-04-29T20:46:01.000Z,0000200406-20-000035,a1q10q03-29x20.htm,https://www.sec.gov/Archives/edgar/data/200406/000020040620000035/a1q10q03-29x20.htm,C:\Users\MSI\Desktop\FinanceProjects\NLP_AlphaGeneration\data\raw\sec\filings\JNJ\2020-04-29_10-Q_000020040620000035.htm
JNJ,JOHNSON & JOHNSON,200406,0000200406,10-Q,2020-07-24,2020-06-28,2020-07-24T20:04:36.000Z,0000200406-20-000050,jnj-20200628.htm,https://www.sec.gov/Archives/edgar/data/200406/000020040620000050/jnj-20200628.htm,C:\Users\MSI\Desktop\FinanceProjects\NLP_AlphaGeneration\data\raw\sec\filings\JNJ\2020-07-24_10-Q_000020040620000050.htm
JNJ,JOHNSON & JOHNSON,200406,0000200406,10-Q,2020-10-23,2020-09-27,2020-10-23T20:06:01.000Z,0000200406-20-000056,jnj-20200927.htm,https://www.sec.gov/Archives/edgar/data/200406/000020040620000056/jnj-20200927.htm,C:\Users\MSI\Desktop\FinanceProjects\NLP_AlphaGeneration\data\raw\sec\filings\JNJ\2020-10-23_10-Q_000020040620000056.htm
JNJ,JOHNSON & JOHNSON,200406,0000200406,10-K,2021-02-22,2021-01-03,2021-02-22T21:36:14.000Z,0000200406-21-000008,jnj-20210103.htm,https://www.sec.gov/Archives/edgar/data/200406/000020040621000008/jnj-20210103.htm,C:\Users\MSI\Desktop\FinanceProjects\NLP_AlphaGeneration\data\raw\sec\filings\JNJ\2021-02-22_10-K_000020040621000008.htm
JNJ,JOHNSON & JOHNSON,200406,0000200406,10-Q,2021-04-30,2021-04-04,2021-04-30T20:04:02.000Z,0000200406-21-000036,jnj-20210404.htm,https://www.sec.gov/Archives/edgar/data/200406/000020040621000036/jnj-20210404.htm,C:\Users\MSI\Desktop\FinanceProjects\NLP_AlphaGeneration\data\raw\sec\filings\JNJ\2021-04-30_10-Q_000020040621000036.htm
JNJ,JOHNSON & JOHNSON,200406,0000200406,10-Q,2021-07-29,2021-07-04,2021-07-29T20:07:51.000Z,0000200406-21-000057,jnj-20210704.htm,https://www.sec.gov/Archives/edgar/data/200406/000020040621000057/jnj-20210704.htm,C:\Users\MSI\Desktop\FinanceProjects\NLP_AlphaGeneration\data\raw\sec\filings\JNJ\2021-07-29_10-Q_000020040621000057.htm
JNJ,JOHNSON & JOHNSON,200406,0000200406,10-Q,2021-10-29,2021-10-03,2021-10-29T20:05:20.000Z,0000200406-21-000070,jnj-20211003.htm,https://www.sec.gov/Archives/edgar/data/200406/000020040621000070/jnj-20211003.htm,C:\Users\MSI\Desktop\FinanceProjects\NLP_AlphaGeneration\data\raw\sec\filings\JNJ\2021-10-29_10-Q_000020040621000070.htm
JNJ,JOHNSON & JOHNSON,200406,0000200406,10-K,2022-02-17,2022-01-02,2022-02-17T21:06:50.000Z,0000200406-22-000022,jnj-20220102.htm,https://www.sec.gov/Archives/edgar/data/200406/000020040622000022/jnj-20220102.htm,C:\Users\MSI\Desktop\FinanceProjects\NLP_AlphaGeneration\data\raw\sec\filings\JNJ\2022-02-17_10-K_000020040622000022.htm
JNJ,JOHNSON & JOHNSON,200406,0000200406,10-Q,2022-04-29,2022-04-03,2022-04-29T20:08:24.000Z,0000200406-22-000048,jnj-20220403.htm,https://www.sec.gov/Archives/edgar/data/200406/000020040622000048/jnj-20220403.htm,C:\Users\MSI\Desktop\FinanceProjects\NLP_AlphaGeneration\data\raw\sec\filings\JNJ\2022-04-29_10-Q_000020040622000048.htm
JNJ,JOHNSON & JOHNSON,200406,0000200406,10-Q,2022-07-29,2022-07-03,2022-07-29T20:14:39.000Z,0000200406-22-000071,jnj-20220703.htm,https://www.sec.gov/Archives/edgar/data/200406/000020040622000071/jnj-20220703.htm,C:\Users\MSI\Desktop\FinanceProjects\NLP_AlphaGeneration\data\raw\sec\filings\JNJ\2022-07-29_10-Q_000020040622000071.htm
JNJ,JOHNSON & JOHNSON,200406,0000200406,10-Q,2022-10-27,2022-10-02,2022-10-27T20:02:59.000Z,0000200406-22-000086,jnj-20221002.htm,https://www.sec.gov/Archives/edgar/data/200406/000020040622000086/jnj-20221002.htm,C:\Users\MSI\Desktop\FinanceProjects\NLP_AlphaGeneration\data\raw\sec\filings\JNJ\2022-10-27_10-Q_000020040622000086.htm
JNJ,JOHNSON & JOHNSON,200406,0000200406,10-K,2023-02-16,2023-01-01,2023-02-16T21:01:53.000Z,0000200406-23-000016,jnj-20230101.htm,https://www.sec.gov/Archives/edgar/data/200406/000020040623000016/jnj-20230101.htm,C:\Users\MSI\Desktop\FinanceProjects\NLP_AlphaGeneration\data\raw\sec\filings\JNJ\2023-02-16_10-K_000020040623000016.htm
JNJ,JOHNSON & JOHNSON,200406,0000200406,10-Q,2023-04-28,2023-04-02,2023-04-28T20:07:02.000Z,0000200406-23-000056,jnj-20230402.htm,https://www.sec.gov/Archives/edgar/data/200406/000020040623000056/jnj-20230402.htm,C:\Users\MSI\Desktop\FinanceProjects\NLP_AlphaGeneration\data\raw\sec\filings\JNJ\2023-04-28_10-Q_000020040623000056.htm
JNJ,JOHNSON & JOHNSON,200406,0000200406,10-Q,2023-07-31,2023-07-02,2023-07-31T20:06:04.000Z,0000200406-23-000082,jnj-20230702.htm,https://www.sec.gov/Archives/edgar/data/200406/000020040623000082/jnj-20230702.htm,C:\Users\MSI\Desktop\FinanceProjects\NLP_AlphaGeneration\data\raw\sec\filings\JNJ\2023-07-31_10-Q_000020040623000082.htm
JNJ,JOHNSON & JOHNSON,200406,0000200406,10-Q,2023-10-27,2023-10-01,2023-10-27T20:11:34.000Z,0000200406-23-000102,jnj-20231001.htm,https://www.sec.gov/Archives/edgar/data/200406/000020040623000102/jnj-20231001.htm,C:\Users\MSI\Desktop\FinanceProjects\NLP_AlphaGeneration\data\raw\sec\filings\JNJ\2023-10-27_10-Q_000020040623000102.htm
JNJ,JOHNSON & JOHNSON,200406,0000200406,10-K,2024-02-16,2023-12-31,2024-02-16T21:12:22.000Z,0000200406-24-000013,jnj-20231231.htm,https://www.sec.gov/Archives/edgar/data/200406/000020040624000013/jnj-20231231.htm,C:\Users\MSI\Desktop\FinanceProjects\NLP_AlphaGeneration\data\raw\sec\filings\JNJ\2024-02-16_10-K_000020040624000013.htm
JNJ,JOHNSON & JOHNSON,200406,0000200406,10-Q,2024-05-01,2024-03-31,2024-05-01T11:09:36.000Z,0000200406-24-000049,jnj-20240331.htm,https://www.sec.gov/Archives/edgar/data/200406/000020040624000049/jnj-20240331.htm,C:\Users\MSI\Desktop\FinanceProjects\NLP_AlphaGeneration\data\raw\sec\filings\JNJ\2024-05-01_10-Q_000020040624000049.htm
JNJ,JOHNSON & JOHNSON,200406,0000200406,10-Q,2024-07-25,2024-06-30,2024-07-25T20:02:29.000Z,0000200406-24-000075,jnj-20240630.htm,https://www.sec.gov/Archives/edgar/data/200406/000020040624000075/jnj-20240630.htm,C:\Users\MSI\Desktop\FinanceProjects\NLP_AlphaGeneration\data\raw\sec\filings\JNJ\2024-07-25_10-Q_000020040624000075.htm
JNJ,JOHNSON & JOHNSON,200406,0000200406,10-Q,2024-10-23,2024-09-29,2024-10-23T20:02:27.000Z,0000200406-24-000096,jnj-20240929.htm,https://www.sec.gov/Archives/edgar/data/200406/000020040624000096/jnj-20240929.htm,C:\Users\MSI\Desktop\FinanceProjects\NLP_AlphaGeneration\data\raw\sec\filings\JNJ\2024-10-23_10-Q_000020040624000096.htm
JNJ,JOHNSON & JOHNSON,200406,0000200406,10-K,2025-02-13,2024-12-29,2025-02-13T21:07:39.000Z,0000200406-25-000038,jnj-20241229.htm,https://www.sec.gov/Archives/edgar/data/200406/000020040625000038/jnj-20241229.htm,C:\Users\MSI\Desktop\FinanceProjects\NLP_AlphaGeneration\data\raw\sec\filings\JNJ\2025-02-13_10-K_000020040625000038.htm
JNJ,JOHNSON & JOHNSON,200406,0000200406,10-Q,2025-04-23,2025-03-30,2025-04-23T20:04:45.000Z,0000200406-25-000119,jnj-20250330.htm,https://www.sec.gov/Archives/edgar/data/200406/000020040625000119/jnj-20250330.htm,C:\Users\MSI\Desktop\FinanceProjects\NLP_AlphaGeneration\data\raw\sec\filings\JNJ\2025-04-23_10-Q_000020040625000119.htm
JNJ,JOHNSON & JOHNSON,200406,0000200406,10-Q,2025-07-24,2025-06-29,2025-07-24T20:04:24.000Z,0000200406-25-000178,jnj-20250629.htm,https://www.sec.gov/Archives/edgar/data/200406/000020040625000178/jnj-20250629.htm,C:\Users\MSI\Desktop\FinanceProjects\NLP_AlphaGeneration\data\raw\sec\filings\JNJ\2025-07-24_10-Q_000020040625000178.htm
JNJ,JOHNSON & JOHNSON,200406,0000200406,10-Q,2025-10-22,2025-09-28,2025-10-22T20:04:17.000Z,0000200406-25-000209,jnj-20250928.htm,https://www.sec.gov/Archives/edgar/data/200406/000020040625000209/jnj-20250928.htm,C:\Users\MSI\Desktop\FinanceProjects\NLP_AlphaGeneration\data\raw\sec\filings\JNJ\2025-10-22_10-Q_000020040625000209.htm
JNJ,JOHNSON & JOHNSON,200406,0000200406,10-K,2026-02-11,2025-12-28,2026-02-11T21:06:11.000Z,0000200406-26-000016,jnj-20251228.htm,https://www.sec.gov/Archives/edgar/data/200406/000020040626000016/jnj-20251228.htm,C:\Users\MSI\Desktop\FinanceProjects\NLP_AlphaGeneration\data\raw\sec\filings\JNJ\2026-02-11_10-K_000020040626000016.htm
JNJ,JOHNSON & JOHNSON,200406,0000200406,10-Q,2026-04-22,2026-03-29,2026-04-22T20:02:41.000Z,0000200406-26-000087,jnj-20260329.htm,https://www.sec.gov/Archives/edgar/data/200406/000020040626000087/jnj-20260329.htm,C:\Users\MSI\Desktop\FinanceProjects\NLP_AlphaGeneration\data\raw\sec\filings\JNJ\2026-04-22_10-Q_000020040626000087.htm
JNJ,JOHNSON & JOHNSON,200406,0000200406,10-Q,2026-07-23,2026-06-28,2026-07-23T20:04:19.000Z,0000200406-26-000153,jnj-20260628.htm,https://www.sec.gov/Archives/edgar/data/200406/000020040626000153/jnj-20260628.htm,C:\Users\MSI\Desktop\FinanceProjects\NLP_AlphaGeneration\data\raw\sec\filings\JNJ\2026-07-23_10-Q_000020040626000153.htm
PG,PROCTER & GAMBLE Co,80424,0000080424,10-Q,2015-01-27,2014-12-31,2015-01-27T21:04:25.000Z,0000080424-15-000014,q2-ond14quarterlyreport.htm,https://www.sec.gov/Archives/edgar/data/80424/000008042415000014/q2-ond14quarterlyreport.htm,C:\Users\MSI\Desktop\FinanceProjects\NLP_AlphaGeneration\data\raw\sec\filings\PG\2015-01-27_10-Q_000008042415000014.htm
PG,PROCTER & GAMBLE Co,80424,0000080424,10-Q,2015-04-23,2015-03-31,2015-04-23T20:02:21.000Z,0000080424-15-000039,fy1415q3jfm10-qreport.htm,https://www.sec.gov/Archives/edgar/data/80424/000008042415000039/fy1415q3jfm10-qreport.htm,C:\Users\MSI\Desktop\FinanceProjects\NLP_AlphaGeneration\data\raw\sec\filings\PG\2015-04-23_10-Q_000008042415000039.htm
PG,PROCTER & GAMBLE Co,80424,0000080424,10-K,2015-08-07,2015-06-30,2015-08-07T20:02:16.000Z,0000080424-15-000070,fy141510-kreport.htm,https://www.sec.gov/Archives/edgar/data/80424/000008042415000070/fy141510-kreport.htm,C:\Users\MSI\Desktop\FinanceProjects\NLP_AlphaGeneration\data\raw\sec\filings\PG\2015-08-07_10-K_000008042415000070.htm
PG,PROCTER & GAMBLE Co,80424,0000080424,10-Q,2015-10-23,2015-09-30,2015-10-23T20:03:06.000Z,0000080424-15-000098,fy1516q1jas10-qreport.htm,https://www.sec.gov/Archives/edgar/data/80424/000008042415000098/fy1516q1jas10-qreport.htm,C:\Users\MSI\Desktop\FinanceProjects\NLP_AlphaGeneration\data\raw\sec\filings\PG\2015-10-23_10-Q_000008042415000098.htm
PG,PROCTER & GAMBLE Co,80424,0000080424,10-Q,2016-01-26,2015-12-31,2016-01-26T22:19:00.000Z,0000080424-16-000166,fy1516q2ond10-qreport.htm,https://www.sec.gov/Archives/edgar/data/80424/000008042416000166/fy1516q2ond10-qreport.htm,C:\Users\MSI\Desktop\FinanceProjects\NLP_AlphaGeneration\data\raw\sec\filings\PG\2016-01-26_10-Q_000008042416000166.htm
PG,PROCTER & GAMBLE Co,80424,0000080424,10-Q,2016-04-26,2016-03-31,2016-04-26T20:02:35.000Z,0000080424-16-000183,fy1516q3jfm10-qreport.htm,https://www.sec.gov/Archives/edgar/data/80424/000008042416000183/fy1516q3jfm10-qreport.htm,C:\Users\MSI\Desktop\FinanceProjects\NLP_AlphaGeneration\data\raw\sec\filings\PG\2016-04-26_10-Q_000008042416000183.htm
PG,PROCTER & GAMBLE Co,80424,0000080424,10-K,2016-08-09,2016-06-30,2016-08-09T20:03:15.000Z,0000080424-16-000212,fy151610-kreport.htm,https://www.sec.gov/Archives/edgar/data/80424/000008042416000212/fy151610-kreport.htm,C:\Users\MSI\Desktop\FinanceProjects\NLP_AlphaGeneration\data\raw\sec\filings\PG\2016-08-09_10-K_000008042416000212.htm
PG,PROCTER & GAMBLE Co,80424,0000080424,10-Q,2016-10-25,2016-09-30,2016-10-25T20:04:50.000Z,0000080424-16-000244,fy1617q1jas10-qreport.htm,https://www.sec.gov/Archives/edgar/data/80424/000008042416000244/fy1617q1jas10-qreport.htm,C:\Users\MSI\Desktop\FinanceProjects\NLP_AlphaGeneration\data\raw\sec\filings\PG\2016-10-25_10-Q_000008042416000244.htm
PG,PROCTER & GAMBLE Co,80424,0000080424,10-Q,2017-01-20,2016-12-31,2017-01-20T21:02:41.000Z,0000080424-17-000011,fy1617q2ond10-qreport.htm,https://www.sec.gov/Archives/edgar/data/80424/000008042417000011/fy1617q2ond10-qreport.htm,C:\Users\MSI\Desktop\FinanceProjects\NLP_AlphaGeneration\data\raw\sec\filings\PG\2017-01-20_10-Q_000008042417000011.htm
PG,PROCTER & GAMBLE Co,80424,0000080424,10-Q,2017-04-26,2017-03-31,2017-04-26T20:04:28.000Z,0000080424-17-000026,fy1617q3jfm10-qreport.htm,https://www.sec.gov/Archives/edgar/data/80424/000008042417000026/fy1617q3jfm10-qreport.htm,C:\Users\MSI\Desktop\FinanceProjects\NLP_AlphaGeneration\data\raw\sec\filings\PG\2017-04-26_10-Q_000008042417000026.htm
PG,PROCTER & GAMBLE Co,80424,0000080424,10-K,2017-08-07,2017-06-30,2017-08-07T20:05:16.000Z,0000080424-17-000047,fy161710-kreport.htm,https://www.sec.gov/Archives/edgar/data/80424/000008042417000047/fy161710-kreport.htm,C:\Users\MSI\Desktop\FinanceProjects\NLP_AlphaGeneration\data\raw\sec\filings\PG\2017-08-07_10-K_000008042417000047.htm
PG,PROCTER & GAMBLE Co,80424,0000080424,10-Q,2017-10-20,2017-09-30,2017-10-20T20:05:29.000Z,0000080424-17-000078,fy1718q1jas10-qreport.htm,https://www.sec.gov/Archives/edgar/data/80424/000008042417000078/fy1718q1jas10-qreport.htm,C:\Users\MSI\Desktop\FinanceProjects\NLP_AlphaGeneration\data\raw\sec\filings\PG\2017-10-20_10-Q_000008042417000078.htm
PG,PROCTER & GAMBLE Co,80424,0000080424,10-Q,2018-01-23,2017-12-31,2018-01-23T21:17:22.000Z,0000080424-18-000013,fy1718q2ond10-qreport.htm,https://www.sec.gov/Archives/edgar/data/80424/000008042418000013/fy1718q2ond10-qreport.htm,C:\Users\MSI\Desktop\FinanceProjects\NLP_AlphaGeneration\data\raw\sec\filings\PG\2018-01-23_10-Q_000008042418000013.htm
PG,PROCTER & GAMBLE Co,80424,0000080424,10-Q,2018-04-19,2018-03-31,2018-04-19T20:12:04.000Z,0000080424-18-000034,fy1718q3jfm10-qreport.htm,https://www.sec.gov/Archives/edgar/data/80424/000008042418000034/fy1718q3jfm10-qreport.htm,C:\Users\MSI\Desktop\FinanceProjects\NLP_AlphaGeneration\data\raw\sec\filings\PG\2018-04-19_10-Q_000008042418000034.htm
PG,PROCTER & GAMBLE Co,80424,0000080424,10-K,2018-08-07,2018-06-30,2018-08-07T20:19:22.000Z,0000080424-18-000055,fy171810-kreport.htm,https://www.sec.gov/Archives/edgar/data/80424/000008042418000055/fy171810-kreport.htm,C:\Users\MSI\Desktop\FinanceProjects\NLP_AlphaGeneration\data\raw\sec\filings\PG\2018-08-07_10-K_000008042418000055.htm
PG,PROCTER & GAMBLE Co,80424,0000080424,10-Q,2018-10-19,2018-09-30,2018-10-19T20:17:31.000Z,0000080424-18-000100,fy1819q1jas10-qreport.htm,https://www.sec.gov/Archives/edgar/data/80424/000008042418000100/fy1819q1jas10-qreport.htm,C:\Users\MSI\Desktop\FinanceProjects\NLP_AlphaGeneration\data\raw\sec\filings\PG\2018-10-19_10-Q_000008042418000100.htm
PG,PROCTER & GAMBLE Co,80424,0000080424,10-Q,2019-01-23,2018-12-31,2019-01-23T21:19:23.000Z,0000080424-19-000014,fy1819q2ond10-qreport.htm,https://www.sec.gov/Archives/edgar/data/80424/000008042419000014/fy1819q2ond10-qreport.htm,C:\Users\MSI\Desktop\FinanceProjects\NLP_AlphaGeneration\data\raw\sec\filings\PG\2019-01-23_10-Q_000008042419000014.htm
PG,PROCTER & GAMBLE Co,80424,0000080424,10-Q,2019-04-23,2019-03-31,2019-04-23T20:17:21.000Z,0000080424-19-000031,fy1819q3jfm10-qreport.htm,https://www.sec.gov/Archives/edgar/data/80424/000008042419000031/fy1819q3jfm10-qreport.htm,C:\Users\MSI\Desktop\FinanceProjects\NLP_AlphaGeneration\data\raw\sec\filings\PG\2019-04-23_10-Q_000008042419000031.htm
PG,PROCTER & GAMBLE Co,80424,0000080424,10-K,2019-08-06,2019-06-30,2019-08-06T20:26:04.000Z,0000080424-19-000050,fy181910-kreport.htm,https://www.sec.gov/Archives/edgar/data/80424/000008042419000050/fy181910-kreport.htm,C:\Users\MSI\Desktop\FinanceProjects\NLP_AlphaGeneration\data\raw\sec\filings\PG\2019-08-06_10-K_000008042419000050.htm
PG,PROCTER & GAMBLE Co,80424,0000080424,10-Q,2019-10-22,2019-09-30,2019-10-22T20:18:13.000Z,0000080424-19-000086,fy1920q1jas10-qreport.htm,https://www.sec.gov/Archives/edgar/data/80424/000008042419000086/fy1920q1jas10-qreport.htm,C:\Users\MSI\Desktop\FinanceProjects\NLP_AlphaGeneration\data\raw\sec\filings\PG\2019-10-22_10-Q_000008042419000086.htm
PG,PROCTER & GAMBLE Co,80424,0000080424,10-Q,2020-01-23,2019-12-31,2020-01-23T21:16:32.000Z,0000080424-20-000017,pg-20191231.htm,https://www.sec.gov/Archives/edgar/data/80424/000008042420000017/pg-20191231.htm,C:\Users\MSI\Desktop\FinanceProjects\NLP_AlphaGeneration\data\raw\sec\filings\PG\2020-01-23_10-Q_000008042420000017.htm
PG,PROCTER & GAMBLE Co,80424,0000080424,10-Q,2020-04-20,2020-03-31,2020-04-20T20:17:10.000Z,0000080424-20-000038,pg-20200331.htm,https://www.sec.gov/Archives/edgar/data/80424/000008042420000038/pg-20200331.htm,C:\Users\MSI\Desktop\FinanceProjects\NLP_AlphaGeneration\data\raw\sec\filings\PG\2020-04-20_10-Q_000008042420000038.htm
PG,PROCTER & GAMBLE Co,80424,0000080424,10-K,2020-08-06,2020-06-30,2020-08-06T20:17:03.000Z,0000080424-20-000053,pg-20200630.htm,https://www.sec.gov/Archives/edgar/data/80424/000008042420000053/pg-20200630.htm,C:\Users\MSI\Desktop\FinanceProjects\NLP_AlphaGeneration\data\raw\sec\filings\PG\2020-08-06_10-K_000008042420000053.htm
PG,PROCTER & GAMBLE Co,80424,0000080424,10-Q,2020-10-20,2020-09-30,2020-10-20T20:18:06.000Z,0000080424-20-000097,pg-20200930.htm,https://www.sec.gov/Archives/edgar/data/80424/000008042420000097/pg-20200930.htm,C:\Users\MSI\Desktop\FinanceProjects\NLP_AlphaGeneration\data\raw\sec\filings\PG\2020-10-20_10-Q_000008042420000097.htm
PG,PROCTER & GAMBLE Co,80424,0000080424,10-Q,2021-01-20,2020-12-31,2021-01-20T21:17:09.000Z,0000080424-21-000026,pg-20201231.htm,https://www.sec.gov/Archives/edgar/data/80424/000008042421000026/pg-20201231.htm,C:\Users\MSI\Desktop\FinanceProjects\NLP_AlphaGeneration\data\raw\sec\filings\PG\2021-01-20_10-Q_000008042421000026.htm
PG,PROCTER & GAMBLE Co,80424,0000080424,10-Q,2021-04-20,2021-03-31,2021-04-20T20:25:09.000Z,0000080424-21-000062,pg-20210331.htm,https://www.sec.gov/Archives/edgar/data/80424/000008042421000062/pg-20210331.htm,C:\Users\MSI\Desktop\FinanceProjects\NLP_AlphaGeneration\data\raw\sec\filings\PG\2021-04-20_10-Q_000008042421000062.htm
PG,PROCTER & GAMBLE Co,80424,0000080424,10-K,2021-08-06,2021-06-30,2021-08-06T20:19:59.000Z,0000080424-21-000100,pg-20210630.htm,https://www.sec.gov/Archives/edgar/data/80424/000008042421000100/pg-20210630.htm,C:\Users\MSI\Desktop\FinanceProjects\NLP_AlphaGeneration\data\raw\sec\filings\PG\2021-08-06_10-K_000008042421000100.htm
PG,PROCTER & GAMBLE Co,80424,0000080424,10-Q,2021-10-19,2021-09-30,2021-10-19T20:27:06.000Z,0000080424-21-000129,pg-20210930.htm,https://www.sec.gov/Archives/edgar/data/80424/000008042421000129/pg-20210930.htm,C:\Users\MSI\Desktop\FinanceProjects\NLP_AlphaGeneration\data\raw\sec\filings\PG\2021-10-19_10-Q_000008042421000129.htm
PG,PROCTER & GAMBLE Co,80424,0000080424,10-Q,2022-01-19,2021-12-31,2022-01-19T21:17:41.000Z,0000080424-22-000016,pg-20211231.htm,https://www.sec.gov/Archives/edgar/data/80424/000008042422000016/pg-20211231.htm,C:\Users\MSI\Desktop\FinanceProjects\NLP_AlphaGeneration\data\raw\sec\filings\PG\2022-01-19_10-Q_000008042422000016.htm
PG,PROCTER & GAMBLE Co,80424,0000080424,10-Q,2022-04-20,2022-03-31,2022-04-20T20:16:34.000Z,0000080424-22-000035,pg-20220331.htm,https://www.sec.gov/Archives/edgar/data/80424/000008042422000035/pg-20220331.htm,C:\Users\MSI\Desktop\FinanceProjects\NLP_AlphaGeneration\data\raw\sec\filings\PG\2022-04-20_10-Q_000008042422000035.htm
PG,PROCTER & GAMBLE Co,80424,0000080424,10-K,2022-08-05,2022-06-30,2022-08-05T20:21:50.000Z,0000080424-22-000064,pg-20220630.htm,https://www.sec.gov/Archives/edgar/data/80424/000008042422000064/pg-20220630.htm,C:\Users\MSI\Desktop\FinanceProjects\NLP_AlphaGeneration\data\raw\sec\filings\PG\2022-08-05_10-K_000008042422000064.htm
PG,PROCTER & GAMBLE Co,80424,0000080424,10-Q,2022-10-19,2022-09-30,2022-10-19T20:16:47.000Z,0000080424-22-000102,pg-20220930.htm,https://www.sec.gov/Archives/edgar/data/80424/000008042422000102/pg-20220930.htm,C:\Users\MSI\Desktop\FinanceProjects\NLP_AlphaGeneration\data\raw\sec\filings\PG\2022-10-19_10-Q_000008042422000102.htm
PG,PROCTER & GAMBLE Co,80424,0000080424,10-Q,2023-01-19,2022-12-31,2023-01-19T21:14:25.000Z,0000080424-23-000014,pg-20221231.htm,https://www.sec.gov/Archives/edgar/data/80424/000008042423000014/pg-20221231.htm,C:\Users\MSI\Desktop\FinanceProjects\NLP_AlphaGeneration\data\raw\sec\filings\PG\2023-01-19_10-Q_000008042423000014.htm
PG,PROCTER & GAMBLE Co,80424,0000080424,10-Q,2023-04-21,2023-03-31,2023-04-21T20:10:59.000Z,0000080424-23-000046,pg-20230331.htm,https://www.sec.gov/Archives/edgar/data/80424/000008042423000046/pg-20230331.htm,C:\Users\MSI\Desktop\FinanceProjects\NLP_AlphaGeneration\data\raw\sec\filings\PG\2023-04-21_10-Q_000008042423000046.htm
PG,PROCTER & GAMBLE Co,80424,0000080424,10-K,2023-08-04,2023-06-30,2023-08-04T20:16:13.000Z,0000080424-23-000073,pg-20230630.htm,https://www.sec.gov/Archives/edgar/data/80424/000008042423000073/pg-20230630.htm,C:\Users\MSI\Desktop\FinanceProjects\NLP_AlphaGeneration\data\raw\sec\filings\PG\2023-08-04_10-K_000008042423000073.htm
PG,PROCTER & GAMBLE Co,80424,0000080424,10-Q,2023-10-18,2023-09-30,2023-10-18T20:07:40.000Z,0000080424-23-000103,pg-20230930.htm,https://www.sec.gov/Archives/edgar/data/80424/000008042423000103/pg-20230930.htm,C:\Users\MSI\Desktop\FinanceProjects\NLP_AlphaGeneration\data\raw\sec\filings\PG\2023-10-18_10-Q_000008042423000103.htm
PG,PROCTER & GAMBLE Co,80424,0000080424,10-Q,2024-01-23,2023-12-31,2024-01-23T21:11:37.000Z,0000080424-24-000018,pg-20231231.htm,https://www.sec.gov/Archives/edgar/data/80424/000008042424000018/pg-20231231.htm,C:\Users\MSI\Desktop\FinanceProjects\NLP_AlphaGeneration\data\raw\sec\filings\PG\2024-01-23_10-Q_000008042424000018.htm
PG,PROCTER & GAMBLE Co,80424,0000080424,10-Q,2024-04-19,2024-03-31,2024-04-19T20:17:56.000Z,0000080424-24-000051,pg-20240331.htm,https://www.sec.gov/Archives/edgar/data/80424/000008042424000051/pg-20240331.htm,C:\Users\MSI\Desktop\FinanceProjects\NLP_AlphaGeneration\data\raw\sec\filings\PG\2024-04-19_10-Q_000008042424000051.htm
PG,PROCTER & GAMBLE Co,80424,0000080424,10-K,2024-08-05,2024-06-30,2024-08-05T20:16:53.000Z,0000080424-24-000083,pg-20240630.htm,https://www.sec.gov/Archives/edgar/data/80424/000008042424000083/pg-20240630.htm,C:\Users\MSI\Desktop\FinanceProjects\NLP_AlphaGeneration\data\raw\sec\filings\PG\2024-08-05_10-K_000008042424000083.htm
PG,PROCTER & GAMBLE Co,80424,0000080424,10-Q,2024-10-18,2024-09-30,2024-10-18T20:15:59.000Z,0000080424-24-000113,pg-20240930.htm,https://www.sec.gov/Archives/edgar/data/80424/000008042424000113/pg-20240930.htm,C:\Users\MSI\Desktop\FinanceProjects\NLP_AlphaGeneration\data\raw\sec\filings\PG\2024-10-18_10-Q_000008042424000113.htm
PG,PROCTER & GAMBLE Co,80424,0000080424,10-Q,2025-01-22,2024-12-31,2025-01-22T21:16:26.000Z,0000080424-25-000013,pg-20241231.htm,https://www.sec.gov/Archives/edgar/data/80424/000008042425000013/pg-20241231.htm,C:\Users\MSI\Desktop\FinanceProjects\NLP_AlphaGeneration\data\raw\sec\filings\PG\2025-01-22_10-Q_000008042425000013.htm
PG,PROCTER & GAMBLE Co,80424,0000080424,10-Q,2025-04-24,2025-03-31,2025-04-24T20:20:00.000Z,0000080424-25-000037,pg-20250331.htm,https://www.sec.gov/Archives/edgar/data/80424/000008042425000037/pg-20250331.htm,C:\Users\MSI\Desktop\FinanceProjects\NLP_AlphaGeneration\data\raw\sec\filings\PG\2025-04-24_10-Q_000008042425000037.htm
PG,PROCTER & GAMBLE Co,80424,0000080424,10-K,2025-08-04,2025-06-30,2025-08-04T20:20:16.000Z,0000080424-25-000076,pg-20250630.htm,https://www.sec.gov/Archives/edgar/data/80424/000008042425000076/pg-20250630.htm,C:\Users\MSI\Desktop\FinanceProjects\NLP_AlphaGeneration\data\raw\sec\filings\PG\2025-08-04_10-K_000008042425000076.htm
PG,PROCTER & GAMBLE Co,80424,0000080424,10-Q,2025-10-24,2025-09-30,2025-10-24T20:24:02.000Z,0000080424-25-000245,pg-20250930.htm,https://www.sec.gov/Archives/edgar/data/80424/000008042425000245/pg-20250930.htm,C:\Users\MSI\Desktop\FinanceProjects\NLP_AlphaGeneration\data\raw\sec\filings\PG\2025-10-24_10-Q_000008042425000245.htm
PG,PROCTER & GAMBLE Co,80424,0000080424,10-Q,2026-01-23,2025-12-31,2026-01-23T02:51:22.000Z,0000080424-26-000011,pg-20251231.htm,https://www.sec.gov/Archives/edgar/data/80424/000008042426000011/pg-20251231.htm,C:\Users\MSI\Desktop\FinanceProjects\NLP_AlphaGeneration\data\raw\sec\filings\PG\2026-01-23_10-Q_000008042426000011.htm
PG,PROCTER & GAMBLE Co,80424,0000080424,10-Q,2026-04-24,2026-03-31,2026-04-24T20:14:30.000Z,0000080424-26-000060,pg-20260331.htm,https://www.sec.gov/Archives/edgar/data/80424/000008042426000060/pg-20260331.htm,C:\Users\MSI\Desktop\FinanceProjects\NLP_AlphaGeneration\data\raw\sec\filings\PG\2026-04-24_10-Q_000008042426000060.htm
PG,PROCTER & GAMBLE Co,80424,0000080424,10-K,2026-08-04,2026-06-30,2026-08-04T20:11:35.000Z,0000080424-26-000103,pg-20260630.htm,https://www.sec.gov/Archives/edgar/data/80424/000008042426000103/pg-20260630.htm,C:\Users\MSI\Desktop\FinanceProjects\NLP_AlphaGeneration\data\raw\sec\filings\PG\2026-08-04_10-K_000008042426000103.htm
